date, pm25, pm10, no2, so2
2026/3/1, 30, 39, 28, 3
2026/3/2, 56, 51, 29, 3
2026/3/3, 76, 57, 29, 4
2026/3/4, 70, 51, 26, 4
2026/3/5, 74, 31, 23, 3
2026/3/6, 48, 184, 17, 3
2026/3/7, 51, , 14, 4
2026/3/8, 39, 106, 18, 3
2026/3/9, 28, 30, 22, 3
2026/3/10, 44, 42, 26, 3
2026/3/11, 63, 46, 29, 4
2026/3/12, 65, 33, 24, 4
2026/3/13, 49, 30, 20, 4
2026/3/14, 48, 31, 19, 4
2026/3/15, 54, 38, 21, 3
2026/3/16, 57, 42, 15, 4
2026/3/17, 57, 42, 13, 5
2026/3/18, 57, 33, 10, 4
2026/3/19, 45, 25, 14, 7
2026/3/20, 37, 20, 13, 9
2026/3/21, 35, 22, 15, 9
2026/3/22, 40, 27, 21, 9
2026/3/23, 47, 20, 19, 9
2026/3/24, 36, 20, 7, 8
2026/3/25, 32, , , 
2026/2/1, 43, 21, 17, 5
2026/2/2, 29, 39, 27, 4
2026/2/3, 57, 44, 21, 4
2026/2/4, 162, 80, 16, 4
2026/2/5, 120, 52, 25, 4
2026/2/6, 73, 36, 19, 4
2026/2/7, 51, 24, 17, 4
2026/2/8, 34, 42, 25, 4
2026/2/9, 60, 19, 18, 3
2026/2/10, 27, 22, 17, 3
2026/2/11, 32, 32, 21, 4
2026/2/12, 45, 28, 21, 5
2026/2/13, 41, 25, 14, 5
2026/2/14, 37, 152, 17, 3
2026/2/15, 116, 39, 21, 4
2026/2/16, 46, 19, 14, 4
2026/2/17, 20, 20, 15, 4
2026/2/18, 29, 38, 24, 3
2026/2/19, 56, 89, 18, 4
2026/2/20, 59, 104, 21, 4
2026/2/21, 47, 21, 14, 4
2026/2/22, 28, 16, 12, 3
2026/2/23, 26, 38, 22, 3
2026/2/24, 55, 28, 24, 3
2026/2/25, 41, 36, 25, 3
2026/2/26, 47, 22, 20, 2
2026/2/27, 33, 21, 14, 3
2026/2/28, 36, 22, 18, 2
2026/1/1, 39, 60, 29, 5
2026/1/2, 94, 33, 17, 3
2026/1/3, 47, 29, 11, 3
2026/1/4, 34, 23, 12, 3
2026/1/5, 24, 28, 15, 4
2026/1/6, 36, 51, 15, 3
2026/1/7, 63, 36, 8, 4
2026/1/8, 37, 27, 21, 4
2026/1/9, 32, 38, 17, 4
2026/1/10, 50, 14, 11, 4
2026/1/11, 24, 22, 12, 3
2026/1/12, 27, 28, 23, 4
2026/1/13, 35, 50, 32, 4
2026/1/14, 69, 60, 31, 5
2026/1/15, 83, 59, 31, 5
2026/1/16, 84, 34, 16, 3
2026/1/17, 49, 19, 9, 3
2026/1/18, 25, 19, 14, 3
2026/1/19, 25, 23, 13, 2
2026/1/20, 33, 25, 17, 4
2026/1/21, 35, 47, 22, 4
2026/1/22, 73, 40, 24, 4
2026/1/23, 66, , , 
2026/1/25, 82, 29, 17, 4
2026/1/26, 38, 35, 26, 5
2026/1/27, 43, 28, 21, 4
2026/1/28, 36, 57, 16, 5
2026/1/29, 71, 28, 18, 3
2026/1/30, 35, 36, 24, 4
2026/1/31, 53, 29, 14, 4
2025/10/1, 45, 27, 23, 2
2025/10/2, 42, 22, 16, 2
2025/10/3, 29, 14, 13, 1
2025/10/4, 20, 17, 14, 2
2025/10/5, 21, 34, 28, 2
2025/10/6, 46, 21, 17, 2
2025/10/7, 24, 17, 14, 2
2025/10/8, 16, 23, 22, 2
2025/10/9, 28, 38, 26, 2
2025/10/10, 50, 34, 21, 3
2025/10/11, 46, 14, 12, 2
2025/10/12, 207, 24, 22, 3
2025/10/13, 834, 33, 26, 4
2025/10/14, 834, 30, 23, 3
2025/10/15, 834, 23, 14, 3
2025/10/16, 834, 26, 17, 3
2025/10/17, 834, 31, 18, 3
2025/10/18, 834, 23, 21, 3
2025/10/21, 834, 33, 21, 4
2025/10/22, 834, 41, 24, 4
2025/10/23, 834, 38, 21, 5
2025/10/24, 834, , , 
2025/10/27, 834, 17, 16, 55
2025/10/28, 834, 22, 20, 43
2025/10/29, 834, 35, 28, 9
2025/10/30, 834, 31, , 
2025/10/31, 834, 90, , 
2025/11/1, 834, 25, , 
2025/11/2, 834, 30, , 
2025/11/3, 834, 32, , 
2025/11/4, 834, 128, , 
2025/11/5, 834, 895, , 
2025/11/6, 834, 895, , 
2025/11/7, 834, , , 
2025/11/10, 834, , , 
2025/11/13, 144, 51, 33, 6
2025/11/14, 66, 50, 26, 6
2025/11/15, 72, 45, 24, 5
2025/11/16, 65, 42, 21, 5
2025/11/17, 61, 101, 13, 4
2025/11/18, 104, 27, 15, 5
2025/11/19, 37, 22, 12, 9
2025/11/20, 29, 22, 13, 72
2025/11/21, 26, , , 
2025/11/30, 55, 38, 30, 
2025/12/1, 49, 41, 27, 
2025/12/2, 57, 32, 28, 
2025/12/3, 45, 19, 21, 
2025/12/4, 35, 29, 20, 
2025/12/5, 26, 41, 28, 
2025/12/6, 52, 35, 22, 
2025/12/7, 49, 26, 17, 
2025/12/8, 39, 24, 17, 
2025/12/9, 34, 51, 29, 
2025/12/10, 68, 50, 29, 
2025/12/11, 72, 50, 26, 
2025/12/12, 72, 42, 22, 
2025/12/13, 62, 31, 18, 
2025/12/14, 46, 42, 25, 
2025/12/15, 66, 35, 26, 
2025/12/16, 51, 38, 25, 
2025/12/17, 53, 64, 30, 1
2025/12/18, 86, 80, 30, 2
2025/12/19, 113, 58, 26, 2
2025/12/20, 78, 28, 15, 2
2025/12/21, 46, 30, 19, 2
2025/12/22, 44, 30, 23, 2
2025/12/23, 40, 45, 28, 2
2025/12/24, 69, 39, 23, 3
2025/12/25, 67, 40, 17, 2
2025/12/26, 73, 340, 18, 2
2025/12/27, 53, 895, 18, 2
2025/12/28, 48, , , 
2025/7/1, 34, 26, 17, 7
2025/7/2, 37, 30, 16, 8
2025/7/3, 31, 27, 16, 7
2025/7/4, 29, , , 
2025/7/6, 49, 39, 27, 10
2025/7/7, 50, 35, 24, 9
2025/7/8, 49, 33, 19, 8
2025/7/9, 42, 30, 17, 8
2025/7/10, 35, 22, 17, 8
2025/7/11, 23, 25, 17, 8
2025/7/12, 34, 22, 19, 8
2025/7/13, 30, 26, 28, 7
2025/7/14, 32, 27, 26, 8
2025/7/15, 37, 28, 19, 7
2025/7/16, 41, 37, 30, 8
2025/7/17, 52, 40, 26, 9
2025/7/18, 60, 41, 21, 7
2025/7/19, 57, 32, 15, 8
2025/7/20, 49, 180, 26, 9
2025/7/21, 54, 895, 32, 9
2025/7/22, 54, 45, 27, 10
2025/7/23, 57, 49, 34, 9
2025/7/24, 61, 36, 29, 8
2025/7/25, 51, 32, 14, 7
2025/7/26, 46, 34, 15, 8
2025/7/27, 49, 46, 16, 10
2025/7/28, 50, 30, 13, 9
2025/7/29, 39, 34, 19, 9
2025/7/30, 46, 35, 18, 7
2025/7/31, 48, 20, 11, 8
2025/8/1, 25, 19, 11, 8
2025/8/2, 28, 25, 18, 8
2025/8/3, 41, 28, 21, 8
2025/8/4, 48, 143, 19, 7
2025/8/5, 49, 895, 12, 8
2025/8/6, 44, 559, 11, 7
2025/8/7, 41, 268, 11, 8
2025/8/8, 44, 396, 9, 7
2025/8/9, 28, 895, 10, 7
2025/8/10, 32, 895, 11, 8
2025/8/11, 25, 895, 8, 8
2025/8/12, 33, , 10, 8
2025/8/13, 36, 895, 8, 7
2025/8/14, 41, , 5, 8
2025/8/15, 40, , 6, 7
2025/8/16, 35, , 8, 7
2025/8/17, 37, 100, 15, 9
2025/8/18, 54, 25, 21, 8
2025/8/19, 49, 58, 12, 7
2025/8/20, 39, 29, 17, 8
2025/8/21, 47, 28, 23, 9
2025/8/22, 49, 30, 13, 9
2025/8/23, 55, 18, 9, 8
2025/8/24, 32, 164, 18, 8
2025/8/25, 26, , 15, 8
2025/8/26, 27, 21, 15, 6
2025/8/27, 27, 17, 18, 2
2025/8/28, 18, 17, 16, 2
2025/8/29, 28, 27, 16, 3
2025/8/30, 42, 23, 12, 3
2025/8/31, 42, 19, 17, 3
2025/9/1, 32, 258, 18, 2
2025/9/2, 26, 112, 27, 3
2025/9/3, 52, 31, 15, 3
2025/9/4, 43, 459, 13, 2
2025/9/5, 50, 895, 14, 3
2025/9/6, 40, , 13, 2
2025/9/7, 36, 111, 20, 3
2025/9/8, 37, 29, 21, 3
2025/9/9, 43, 144, 25, 3
2025/9/10, 57, 895, 35, 4
2025/9/11, 59, 119, 32, 5
2025/9/12, 97, 28, 14, 2
2025/9/13, 38, 20, 10, 2
2025/9/14, 27, 23, 21, 2
2025/9/15, 33, 22, 19, 2
2025/9/16, 21, 32, 28, 3
2025/9/17, 38, 29, 13, 2
2025/9/18, 30, 22, 17, 1
2025/9/19, 22, 19, 11, 2
2025/9/20, 21, , , 
2025/9/22, 19, 30, 22, 2
2025/9/23, 45, 39, 24, 2
2025/9/24, 52, 35, 23, 2
2025/9/25, 46, 34, 13, 2
2025/9/26, 41, 24, 9, 2
2025/9/27, 30, 20, 10, 1
2025/9/28, 22, 16, 18, 1
2025/9/29, 19, 23, 20, 2
2025/9/30, 34, 26, 22, 2
2025/4/1, 40, 31, 19, 7
2025/4/2, 43, 25, 22, 6
2025/4/3, 30, 41, 25, 8
2025/4/4, 53, 24, 18, 7
2025/4/5, 32, 25, 18, 7
2025/4/6, 38, 32, 21, 7
2025/4/7, 36, 17, 13, 6
2025/4/8, 19, 20, 14, 6
2025/4/9, 28, 34, 22, 7
2025/4/10, 52, 31, 16, 7
2025/4/11, 38, 30, 21, 6
2025/4/12, 38, , , 
2025/4/13, 36, 80, 22, 7
2025/4/14, 82, 35, 26, 7
2025/4/15, 49, 42, 32, 7
2025/4/16, 59, 50, 35, 8
2025/4/17, 64, , , 
2025/4/19, 23, , , 
2025/4/21, 53, 40, 27, 7
2025/4/22, 54, 43, 25, 7
2025/4/23, 56, 38, 30, 8
2025/4/24, 51, 43, 25, 7
2025/4/25, 56, 40, 18, 7
2025/4/26, 59, 29, 11, 7
2025/4/27, 42, 31, 10, 7
2025/4/28, 30, 33, 13, 7
2025/4/29, 29, 22, 20, 7
2025/4/30, 19, 20, 9, 6
2025/5/1, 17, 25, 20, 6
2025/5/2, 31, 29, 17, 6
2025/5/3, 29, 35, 22, 7
2025/5/4, 49, 31, 24, 7
2025/5/5, 44, 37, 27, 8
2025/5/6, 50, 46, 27, 8
2025/5/7, 55, 46, 25, 8
2025/5/8, 55, 54, 35, 9
2025/5/9, 66, 34, 16, 7
2025/5/10, 48, 17, 11, 7
2025/5/11, 29, 26, 22, 8
2025/5/12, 31, 29, 20, 7
2025/5/13, 42, 134, 17, 7
2025/5/14, 63, , 16, 6
2025/5/15, 34, 506, 18, 7
2025/5/16, 68, 468, 12, 6
2025/5/17, 37, 54, 9, 6
2025/5/18, 22, 134, 17, 9
2025/5/19, 28, 28, 20, 8
2025/5/20, 33, 29, 26, 10
2025/5/21, 45, 39, 23, 7
2025/5/22, 49, 37, 23, 8
2025/5/23, 48, 54, 26, 7
2025/5/24, 64, 71, 18, 7
2025/5/25, 92, 24, 11, 7
2025/5/26, 23, 31, 24, 9
2025/5/27, 41, 36, 24, 7
2025/5/28, 45, 29, 22, 7
2025/5/29, 36, 27, 18, 7
2025/5/30, 38, 22, 9, 7
2025/5/31, 26, 18, 12, 7
2025/6/1, 28, 35, 25, 8
2025/6/2, 41, 69, 28, 8
2025/6/3, 50, 38, 33, 8
2025/6/4, 52, 43, 39, 9
2025/6/5, 53, 39, 31, 7
2025/6/6, 58, 65, 26, 7
2025/6/7, 68, 71, 17, 8
2025/6/8, 53, 39, 24, 8
2025/6/9, 57, 52, 17, 7
2025/6/10, 53, 48, 18, 7
2025/6/11, 55, 70, 20, 7
2025/6/12, 63, 114, 21, 7
2025/6/13, 122, 42, 15, 6
2025/6/14, 53, 23, 11, 6
2025/6/15, 36, 28, 22, 6
2025/6/16, 39, 23, 21, 6
2025/6/17, 40, 32, 25, 7
2025/6/18, 41, 31, 24, 7
2025/6/19, 45, 41, 26, 8
2025/6/20, 63, 36, 20, 8
2025/6/21, 53, 23, 10, 7
2025/6/22, 25, 23, 23, 7
2025/6/23, 35, 31, 31, 8
2025/6/24, 49, 41, 33, 7
2025/6/25, 52, 37, 35, 8
2025/6/26, 54, 32, 28, 8
2025/6/27, 51, 29, 18, 7
2025/6/28, 42, 27, 7, 7
2025/6/29, 35, 23, 14, 8
2025/6/30, 26, 25, 23, 7
2025/1/1, 156, 37, 25, 4
2025/1/2, 122, 40, 30, 5
2025/1/3, 119, 39, 32, 5
2025/1/4, 117, 21, 21, 5
2025/1/5, 89, 28, 22, 5
2025/1/6, 101, 33, 26, 4
2025/1/7, 108, 30, 24, 5
2025/1/8, 445, 37, 25, 4
2025/1/9, 74, 34, 24, 5
2025/1/10, 185, 24, 26, 5
2025/1/11, 74, 29, 19, 5
2025/1/12, 96, 7, 15, 4
2025/1/13, 78, 5, 11, 3
2025/1/14, 70, 8, 16, 4
2025/1/15, 62, 7, 12, 3
2025/1/16, 51, 88, 13, 3
2025/1/17, 227, 13, 22, 3
2025/1/18, 55, 16, 23, 3
2025/1/19, 71, 15, 22, 4
2025/1/20, 67, 19, 25, 4
2025/1/21, 65, 26, 27, 5
2025/1/22, 78, 32, 26, 5
2025/1/23, 98, 37, 33, 5
2025/1/24, 109, 37, 27, 5
2025/1/25, 111, 13, 18, 5
2025/1/26, 61, 27, 27, 4
2025/1/27, 87, 34, 26, 5
2025/1/28, 104, 33, 23, 4
2025/1/29, 100, 23, 20, 4
2025/1/30, 53, 35, 28, 5
2025/1/31, 93, 34, 25, 5
2025/2/1, 102, 26, 24, 4
2025/2/2, 89, 23, 23, 4
2025/2/3, 80, 13, 15, 3
2025/2/4, 48, 55, 16, 4
2025/2/5, 86, 27, 20, 4
2025/2/6, 54, 21, 15, 4
2025/2/7, 35, 16, 10, 3
2025/2/8, 28, 14, 10, 3
2025/2/9, 25, 15, 17, 3
2025/2/10, 27, 24, 19, 4
2025/2/11, 40, 23, 22, 4
2025/2/12, 40, 28, 23, 3
2025/2/13, 51, 29, 24, 4
2025/2/14, 56, 39, 26, 5
2025/2/15, 58, 24, 20, 4
2025/2/16, 41, 38, 25, 5
2025/2/17, 58, 31, 20, 4
2025/2/18, 44, 17, 13, 4
2025/2/19, 20, 24, 16, 4
2025/2/20, 38, 22, 15, 3
2025/2/21, 43, , , 
2025/2/23, 59, 271, 27, 4
2025/2/24, 60, 41, 24, 3
2025/2/25, 65, 50, 26, 3
2025/2/26, 63, 116, 21, 3
2025/2/27, 129, 24, 17, 4
2025/2/28, 40, 545, 20, 4
2025/3/1, 55, , 18, 3
2025/3/2, 67, 895, 9, 3
2025/3/3, 40, 399, 11, 4
2025/3/4, 26, 229, 19, 4
2025/3/5, 38, 38, 33, 5
2025/3/6, 49, 52, 38, 5
2025/3/7, 67, 46, 31, 5
2025/3/8, 60, 214, 29, 6
2025/3/9, 73, 895, 28, 5
2025/3/10, 73, 895, 16, 5
2025/3/11, 58, , 22, 4
2025/3/12, 67, 332, 74, 73
2025/3/13, 101, 59, 22, 7
2025/3/14, 78, 54, 30, 7
2025/3/15, 76, 58, 28, 8
2025/3/16, 74, 59, 19, 8
2025/3/17, 59, 20, 17, 8
2025/3/18, 26, 23, 11, 6
2025/3/19, 29, 21, 17, 6
2025/3/20, 32, 37, 28, 7
2025/3/21, 50, 43, 23, 6
2025/3/22, 63, 42, 22, 6
2025/3/23, 60, 28, 19, 6
2025/3/24, 35, 39, 23, 6
2025/3/25, 52, 40, 29, 6
2025/3/26, 48, 51, 31, 7
2025/3/27, 55, 36, 19, 7
2025/3/28, 52, 22, 16, 7
2025/3/29, 27, 24, 17, 8
2025/3/30, 32, 35, 19, 7
2025/3/31, 43, 31, 18, 7
2024/10/1, 56, 14, 22, 1
2024/10/2, 53, 19, 24, 1
2024/10/3, 61, 16, 21, 1
2024/10/4, 54, 24, 21, 1
2024/10/5, 61, 30, 20, 1
2024/10/6, 80, 14, 20, 1
2024/10/7, 51, 53, 25, 2
2024/10/8, 84, 15, 24, 3
2024/10/9, 55, 20, 22, 2
2024/10/10, 62, 22, 19, 2
2024/10/11, 66, 35, 22, 2
2024/10/12, 75, 16, 13, 1
2024/10/13, 55, 13, 19, 1
2024/10/14, 55, 13, 23, 1
2024/10/15, 50, 14, 23, 1
2024/10/16, 51, 15, 13, 1
2024/10/17, 51, 10, 13, 1
2024/10/18, 34, 9, 11, 1
2024/10/19, 32, 9, 10, 1
2024/10/20, 47, 10, 17, 1
2024/10/21, 38, 11, 19, 1
2024/10/22, 45, 15, 26, 6
2024/10/23, 53, 15, 24, 1
2024/10/24, 49, 14, 19, 1
2024/10/25, 53, 12, 22, 
2024/10/26, 43, 18, 28, 
2024/10/27, 56, 21, 28, 1
2024/10/28, 67, 25, 34, 
2024/10/29, 65, 134, 19, 1
2024/10/30, 65, 12, 17, 2
2024/10/31, 204, 14, 23, 2
2024/11/1, 56, 18, 27, 2
2024/11/2, 65, 22, 21, 2
2024/11/3, 70, 13, 18, 2
2024/11/4, 47, 15, 17, 1
2024/11/5, 54, 12, 17, 1
2024/11/6, 43, 13, 21, 1
2024/11/7, 41, 15, 23, 2
2024/11/8, 49, 14, 23, 2
2024/11/9, 46, 14, 10, 1
2024/11/10, 50, 11, 17, 1
2024/11/11, 39, 49, 19, 3
2024/11/12, 83, 23, 24, 3
2024/11/13, 79, 29, 24, 4
2024/11/14, 74, 28, 25, 4
2024/11/15, 82, 10, 13, 3
2024/11/16, 35, 15, 14, 3
2024/11/17, 67, 32, 26, 5
2024/11/18, 97, 24, 26, 5
2024/11/19, 83, 27, 23, 4
2024/11/20, 80, 29, 17, 4
2024/11/21, 65, 25, 24, 4
2024/11/22, 62, 16, 11, 4
2024/11/23, 44, 11, 13, 3
2024/11/24, 42, 23, 29, 4
2024/11/25, 77, 20, 26, 4
2024/11/26, 69, 40, 33, 5
2024/11/27, 118, 35, 28, 4
2024/11/28, 109, 40, 27, 4
2024/11/29, 116, 26, 19, 4
2024/11/30, 78, 8, 12, 4
2024/12/1, 43, 15, 22, 4
2024/12/2, 58, 10, 17, 3
2024/12/3, 41, 15, 24, 4
2024/12/4, 57, 14, 21, 4
2024/12/5, 56, 19, 24, 4
2024/12/6, 73, 26, 22, 4
2024/12/7, 86, 21, 20, 4
2024/12/8, 69, 16, 17, 4
2024/12/9, 42, 45, 23, 4
2024/12/10, 76, 20, 28, 4
2024/12/11, 55, 94, 28, 8
2024/12/12, 138, 62, 25, 4
2024/12/13, 112, 15, 18, 4
2024/12/14, 61, 15, 20, 4
2024/12/15, 58, 13, 18, 4
2024/12/16, 49, 30, 31, 4
2024/12/17, 90, 41, 34, 4
2024/12/18, 118, 38, 28, 5
2024/12/19, 114, 24, 31, 5
2024/12/20, 74, 15, 17, 4
2024/12/21, 48, 21, 23, 5
2024/12/22, 74, 16, 22, 4
2024/12/23, 56, 16, 25, 4
2024/12/24, 56, 7, 11, 4
2024/12/25, 45, 7, 7, 3
2024/12/26, 53, 9, 10, 4
2024/12/27, 834, 7, 9, 3
2024/12/29, 834, , , 
2024/7/1, 128, 23, 27, 3
2024/7/2, 66, 26, 20, 2
2024/7/3, 67, 16, 18, 2
2024/7/4, 52, 9, 22, 3
2024/7/5, 43, 14, 17, 3
2024/7/6, 49, 12, 12, 1
2024/7/7, 47, 72, 21, 56
2024/7/8, 91, 21, 20, 34
2024/7/9, 59, 24, 19, 34
2024/7/10, 67, 16, 19, 12
2024/7/11, 57, 21, 27, 
2024/7/12, 61, 17, 18, 
2024/7/13, 73, 16, 17, 
2024/7/14, 59, 55, 29, 4
2024/7/15, 83, 14, 18, 4
2024/7/16, 43, 19, 18, 6
2024/7/17, 62, 57, 22, 32
2024/7/18, 96, 16, 21, 
2024/7/19, 51, , , 
2024/7/23, 108, 15, 20, 5
2024/7/24, 54, 15, 19, 3
2024/7/25, 61, 14, 21, 3
2024/7/26, 59, 14, 19, 3
2024/7/27, 52, 11, 10, 2
2024/7/28, 51, 14, 20, 5
2024/7/29, 51, 16, 23, 3
2024/7/30, 57, 14, 14, 3
2024/7/31, 47, 13, 19, 3
2024/8/1, 49, 15, 28, 3
2024/8/2, 53, 20, 29, 6
2024/8/3, 70, 21, 30, 6
2024/8/4, 69, 19, 24, 4
2024/8/5, 68, 19, 20, 5
2024/8/6, 66, 19, 23, 4
2024/8/7, 64, 14, 17, 5
2024/8/8, 51, 14, 4, 3
2024/8/9, 52, 12, , 3
2024/8/10, 48, 14, , 4
2024/8/11, 47, 12, , 3
2024/8/12, 52, 49, 15, 6
2024/8/13, 79, 16, 23, 6
2024/8/14, 56, 14, 11, 4
2024/8/15, 50, 16, 14, 4
2024/8/16, 62, 11, 12, 4
2024/8/17, 46, 14, 11, 4
2024/8/18, 46, 17, 15, 3
2024/8/19, 54, 15, 11, 3
2024/8/20, 52, 16, 11, 2
2024/8/21, 59, 16, 17, 4
2024/8/22, 54, 20, 29, 4
2024/8/23, 58, 18, 22, 5
2024/8/24, 55, 16, 15, 3
2024/8/25, 49, 18, 18, 3
2024/8/26, 53, 19, 16, 3
2024/8/27, 56, 21, 21, 3
2024/8/28, 60, 22, 23, 3
2024/8/29, 69, 23, 24, 3
2024/8/30, 72, 16, 19, 2
2024/8/31, 62, 20, 18, 2
2024/9/1, 66, 30, 27, 4
2024/9/2, 71, 25, 24, 2
2024/9/3, 64, 27, 31, 3
2024/9/4, 70, 30, 33, 4
2024/9/5, 80, 34, 33, 4
2024/9/6, 81, 32, 23, 3
2024/9/7, 79, 19, 11, 2
2024/9/8, 58, 16, 20, 2
2024/9/9, 50, 18, 15, 3
2024/9/10, 54, 16, 16, 3
2024/9/11, 54, 12, 18, 3
2024/9/12, 47, 62, 21, 3
2024/9/13, 56, 15, 12, 
2024/9/14, 46, 8, 9, 
2024/9/15, 28, 10, 16, 14
2024/9/16, 38, 13, 23, 14
2024/9/17, 43, 14, 20, 15
2024/9/18, 49, 15, 19, 12
2024/9/19, 55, 18, 22, 1
2024/9/20, 56, 12, 15, 1
2024/9/21, 43, 16, 16, 1
2024/9/22, 53, 22, 32, 
2024/9/23, 66, 22, 28, 1
2024/9/24, 67, 25, 30, 3
2024/9/25, 75, 23, 26, 1
2024/9/26, 70, 22, 28, 4
2024/9/27, 67, 25, 27, 2
2024/9/28, 73, , , 
2024/9/30, 36, 17, 22, 1
2024/4/1, 88, 60, 28, 4
2024/4/2, 97, 31, 25, 3
2024/4/3, 55, 29, 25, 4
2024/4/4, 54, 37, 32, 3
2024/4/5, 67, 37, 31, 4
2024/4/6, 72, 36, 24, 3
2024/4/7, 67, 15, 9, 2
2024/4/8, 31, 17, 19, 2
2024/4/9, 39, 27, 33, 3
2024/4/10, 57, 27, 23, 2
2024/4/11, 56, 42, 14, 2
2024/4/12, 63, 34, 20, 2
2024/4/13, 60, 31, 23, 2
2024/4/14, 66, 35, 31, 3
2024/4/15, 67, 36, 28, 3
2024/4/16, 65, 36, 17, 3
2024/4/17, 63, 28, 12, 2
2024/4/18, 50, 26, 19, 3
2024/4/19, 51, 12, 10, 3
2024/4/20, 35, 17, 13, 2
2024/4/21, 47, 29, 23, 2
2024/4/22, 52, 54, 27, 2
2024/4/23, 72, 331, 19, 2
2024/4/24, 147, 40, 19, 3
2024/4/25, 54, 21, 18, 3
2024/4/26, 44, 25, 23, 2
2024/4/27, 186, 23, 14, 1
2024/4/28, 834, 30, 15, 2
2024/4/29, 40, 18, 14, 1
2024/4/30, 42, 17, 15, 2
2024/5/1, 40, 20, 14, 2
2024/5/2, 43, 31, 13, 3
2024/5/3, 51, 16, 7, 2
2024/5/4, 37, 17, 7, 1
2024/5/5, 49, 15, 14, 1
2024/5/6, 43, 20, 13, 3
2024/5/7, 46, 29, 27, 3
2024/5/8, 64, 25, 28, 2
2024/5/9, 56, 25, 14, 2
2024/5/10, 54, 20, 13, 2
2024/5/11, 45, 15, 11, 2
2024/5/12, 45, 30, 27, 2
2024/5/13, 62, 20, 16, 2
2024/5/14, 47, 24, 24, 2
2024/5/15, 54, 28, 27, 2
2024/5/16, 57, 42, 36, 2
2024/5/17, 76, 46, 28, 2
2024/5/18, 89, 53, 27, 2
2024/5/19, 94, 54, 32, 2
2024/5/20, 97, 42, 24, 2
2024/5/21, 71, 46, 24, 2
2024/5/22, 81, 28, 18, 3
2024/5/23, 52, 28, 22, 3
2024/5/24, 61, 244, 21, 2
2024/5/25, 58, , 11, 3
2024/5/26, 54, , 14, 3
2024/5/27, 43, 241, 26, 3
2024/5/28, 57, 30, 22, 3
2024/5/29, 57, 31, 23, 2
2024/5/30, 66, 26, 16, 2
2024/5/31, 56, 26, 13, 2
2024/6/1, 53, 146, 24, 3
2024/6/2, 101, 880, 32, 3
2024/6/3, 71, , 36, 5
2024/6/4, 78, , 40, 5
2024/6/5, 84, , 42, 3
2024/6/6, 75, , 19, 3
2024/6/7, 96, , 19, 3
2024/6/8, 58, , 22, 3
2024/6/9, 54, , 29, 4
2024/6/10, 63, , 33, 4
2024/6/11, 67, 36, 33, 3
2024/6/12, 76, 39, 40, 
2024/6/13, 116, 41, 23, 
2024/6/14, 77, 18, 18, 
2024/6/15, 53, 17, 18, 
2024/6/16, 58, 20, 29, 
2024/6/17, 68, 22, 28, 
2024/6/18, 57, 27, 19, 
2024/6/19, 51, 20, 17, 
2024/6/20, 51, 26, 16, 
2024/6/21, 57, 27, 13, 
2024/6/22, 55, 15, 18, 
2024/6/23, 49, 21, 23, 
2024/6/24, 66, 20, 25, 
2024/6/25, 53, 20, 15, 
2024/6/26, 58, 17, 22, 12
2024/6/27, 53, 20, 25, 2
2024/6/28, 69, 20, , 
2024/6/29, 95, , , 
2024/1/1, 125, 41, 28, 3
2024/1/2, 93, 22, 19, 2
2024/1/3, 54, 22, 18, 2
2024/1/4, 50, 43, 32, 3
2024/1/5, 83, 35, 18, 2
2024/1/6, 73, 41, 6, 3
2024/1/7, 65, 20, 20, 2
2024/1/8, 48, 30, 18, 2
2024/1/9, 73, 11, 16, 2
2024/1/10, 42, 22, 22, 2
2024/1/11, 59, 71, 23, 3
2024/1/12, 115, 27, 17, 4
2024/1/13, 70, 37, 20, 4
2024/1/14, 94, 39, 33, 4
2024/1/15, 85, 41, 29, 5
2024/1/16, 85, 59, 29, 5
2024/1/17, 122, 53, 24, 4
2024/1/18, 103, 57, 28, 4
2024/1/19, 91, 47, 30, 4
2024/1/20, 87, 14, 6, 3
2024/1/21, 34, 15, 12, 3
2024/1/22, 39, 22, 19, 3
2024/1/23, 56, 29, 25, 4
2024/1/24, 75, 39, 32, 4
2024/1/25, 86, 23, 22, 4
2024/1/26, 54, 40, 33, 6
2024/1/27, 85, 20, 14, 4
2024/1/28, 53, 14, 16, 3
2024/1/29, 52, 12, 14, 3
2024/1/30, 41, 14, 15, 3
2024/1/31, 41, 27, 24, 4
2024/2/1, 67, 54, 35, 5
2024/2/2, 116, 33, 23, 4
2024/2/3, 71, , , 
2024/2/5, 102, 44, 37, 5
2024/2/6, 86, 36, 26, 5
2024/2/7, 75, 41, 28, 5
2024/2/8, 85, 121, 28, 3
2024/2/9, 208, 54, 20, 2
2024/2/10, 71, 35, 10, 2
2024/2/11, 59, 59, 15, 3
2024/2/12, 80, 31, 25, 3
2024/2/13, 55, 31, 21, 2
2024/2/14, 58, 19, 17, 2
2024/2/15, 48, 45, 20, 1
2024/2/16, 69, 29, 22, 2
2024/2/17, 68, 48, 26, 1
2024/2/18, 103, 28, 21, 2
2024/2/19, 68, 30, 19, 1
2024/2/20, 60, 28, 22, 1
2024/2/21, 71, 40, 22, 1
2024/2/22, 91, 36, 23, 2
2024/2/23, 75, 44, 22, 2
2024/2/24, 89, 30, 19, 2
2024/2/25, 59, 36, 23, 2
2024/2/26, 62, 27, 23, 2
2024/2/27, 51, 38, 23, 2
2024/2/28, 69, 32, 26, 2
2024/2/29, 62, 37, 30, 2
2024/3/1, 68, 52, 23, 3
2024/3/2, 100, 43, 23, 3
2024/3/3, 82, 40, 21, 2
2024/3/4, 83, 20, 15, 3
2024/3/5, 45, 17, 17, 2
2024/3/6, 46, 39, 23, 2
2024/3/7, 88, 54, 19, 2
2024/3/8, 47, 20, 18, 1
2024/3/9, 56, 26, 16, 2
2024/3/10, 65, 20, 17, 1
2024/3/11, 50, 26, 13, 2
2024/3/12, 44, 12, 14, 2
2024/3/13, 31, 24, 23, 2
2024/3/14, 56, 27, 21, 2
2024/3/15, 63, 26, 22, 2
2024/3/16, 67, 33, 21, 1
2024/3/17, 84, 27, 17, 2
2024/3/18, 69, 28, 26, 2
2024/3/19, 67, 18, 17, 2
2024/3/20, 48, 28, 25, 3
2024/3/21, 69, 35, 25, 2
2024/3/22, 74, 18, 20, 2
2024/3/23, 49, 30, 18, 2
2024/3/24, 77, 24, 11, 2
2024/3/25, 51, 19, 22, 2
2024/3/26, 44, 50, 25, 2
2024/3/27, 70, 53, 26, 2
2024/3/28, 74, 42, 31, 3
2024/3/29, 66, 57, 27, 2
2024/3/30, 90, 62, 20, 2
2024/3/31, 101, 58, 24, 3
2023/10/2, 66, 29, 17, 1
2023/10/3, 56, 31, 25, 1
2023/10/4, 59, 37, 32, 1
2023/10/5, 72, 41, 34, 1
2023/10/6, 78, 31, 20, 1
2023/10/7, 62, 34, 26, 1
2023/10/8, 73, 44, 30, 2
2023/10/9, 78, 40, 26, 1
2023/10/10, 70, 28, 16, 1
2023/10/11, 52, 22, 21, 1
2023/10/12, 45, 38, 35, 2
2023/10/13, 65, 41, 31, 2
2023/10/14, 77, 39, 24, 2
2023/10/15, 79, 41, 26, 2
2023/10/16, 74, 27, 13, 1
2023/10/17, 46, 24, 18, 1
2023/10/18, 50, 18, 17, 1
2023/10/19, 40, 29, 21, 1
2023/10/20, 65, 34, 18, 1
2023/10/21, 63, 28, 17, 1
2023/10/22, 55, 36, 20, 1
2023/10/23, 65, 52, 27, 2
2023/10/24, 86, 55, 25, 1
2023/10/25, 79, 75, 27, 2
2023/10/26, 94, 62, 20, 1
2023/10/27, 90, 30, 19, 1
2023/10/28, 56, 42, 21, 1
2023/10/29, 67, 40, 24, 2
2023/10/30, 66, 42, 22, 2
2023/10/31, 75, 34, 25, 1
2023/11/1, 60, 29, 24, 2
2023/11/2, 58, 35, 21, 1
2023/11/3, 57, 48, 11, 1
2023/11/4, 63, 21, 17, 1
2023/11/5, 42, 63, 26, 2
2023/11/6, 77, 48, 29, 2
2023/11/7, 74, 53, 25, 2
2023/11/8, 78, 74, 22, 2
2023/11/9, 99, 28, 23, 2
2023/11/10, 54, 38, 19, 2
2023/11/11, 61, 25, 23, 3
2023/11/12, 52, 21, 25, 2
2023/11/13, 49, 28, 24, 2
2023/11/14, 55, 30, 21, 3
2023/11/15, 53, 27, 25, 3
2023/11/16, 50, 28, 25, 3
2023/11/17, 54, 24, 15, 3
2023/11/18, 50, 17, 12, 3
2023/11/19, 43, 43, 30, 3
2023/11/20, 94, 42, 32, 3
2023/11/21, 83, 35, 23, 2
2023/11/22, 70, 34, 26, 2
2023/11/23, 92, 32, 24, 3
2023/11/24, 66, 22, 15, 3
2023/11/25, 43, 14, 8, 3
2023/11/26, 38, 26, 26, 3
2023/11/27, 62, 33, 18, 2
2023/11/28, 63, 28, 17, 2
2023/11/29, 52, 33, 29, 2
2023/11/30, 60, 34, 29, 3
2023/12/1, 67, 50, 24, 3
2023/12/2, 86, 50, 18, 2
2023/12/3, 71, 43, 21, 2
2023/12/4, 78, 25, 16, 3
2023/12/5, 56, 21, 19, 2
2023/12/6, 45, 35, 27, 3
2023/12/7, 67, 18, 14, 2
2023/12/8, 53, 17, 14, 2
2023/12/9, 50, 29, 21, 2
2023/12/10, 76, 38, 23, 2
2023/12/11, 88, 57, 31, 3
2023/12/12, 113, 47, 28, 3
2023/12/13, 99, 52, 28, 2
2023/12/14, 87, 36, 21, 2
2023/12/15, 55, 15, 16, 2
2023/12/16, 41, 15, 12, 1
2023/12/17, 41, 25, 25, 2
2023/12/18, 60, 48, 37, 3
2023/12/19, 99, 215, 34, 3
2023/12/20, 104, 102, 27, 2
2023/12/21, 72, 39, 27, 3
2023/12/22, 83, 41, 32, 3
2023/12/23, 84, 40, 31, 3
2023/12/24, 81, 53, 25, 3
2023/12/25, 115, 53, 20, 2
2023/12/26, 108, 42, 29, 3
2023/12/27, 92, 53, 30, 3
2023/12/28, 112, 55, 26, 3
2023/12/29, 122, 56, 25, 3
2023/12/30, 121, 50, 21, 3
2023/12/31, 120, 57, 20, 3
2023/7/1, 64, 32, 12, 2
2023/7/2, 66, 36, 19, 2
2023/7/3, 69, 34, 24, 2
2023/7/4, 70, 34, 28, 2
2023/7/5, 69, 27, 19, 2
2023/7/6, 57, 31, 23, 3
2023/7/7, 60, 29, 15, 2
2023/7/8, 62, 23, 12, 2
2023/7/9, 52, 27, 22, 2
2023/7/10, 53, 29, 26, 2
2023/7/11, 57, 35, 30, 2
2023/7/12, 66, 48, 40, 4
2023/7/13, 86, 44, 39, 4
2023/7/14, 83, 46, 28, 3
2023/7/15, 81, 30, 10, 2
2023/7/16, 56, 31, 17, 2
2023/7/17, 52, 31, 17, 2
2023/7/18, 55, 27, 20, 2
2023/7/19, 55, 30, 28, 3
2023/7/20, 63, 41, 33, 3
2023/7/21, 77, 44, 29, 7
2023/7/22, 85, 51, 30, 5
2023/7/23, 89, 42, 26, 3
2023/7/24, 71, 34, 25, 4
2023/7/25, 71, 50, 34, 5
2023/7/26, 86, 39, 20, 4
2023/7/27, 63, 25, 16, 3
2023/7/28, 48, 28, 17, 3
2023/7/29, 54, 21, 15, 3
2023/7/30, 47, 28, 25, 3
2023/7/31, 53, 23, 17, 2
2023/8/1, 48, 29, 18, 3
2023/8/2, 61, 32, 18, 2
2023/8/3, 64, 36, 25, 4
2023/8/4, 70, 30, 20, 4
2023/8/5, 61, 24, 8, 2
2023/8/6, 38, 22, 14, 4
2023/8/7, 155, 26, 15, 3
2023/8/8, 36, 62, 12, 2
2023/8/9, 78, 19, 15, 2
2023/8/10, 38, 19, 14, 2
2023/8/11, 40, 25, 8, 2
2023/8/12, 48, 21, 7, 2
2023/8/13, 48, 23, 11, 2
2023/8/14, 50, 22, 9, 2
2023/8/15, 56, 29, 14, 2
2023/8/16, 63, 30, 15, 2
2023/8/17, 64, 30, 14, 2
2023/8/18, 59, 26, 11, 2
2023/8/19, 53, 26, 9, 2
2023/8/20, 55, 33, 11, 2
2023/8/21, 48, 35, 17, 2
2023/8/22, 59, 43, 19, 2
2023/8/23, 86, 47, 25, 2
2023/8/24, 101, 32, 23, 2
2023/8/25, 78, 28, 15, 2
2023/8/26, 61, 20, 18, 2
2023/8/27, 50, 35, 27, 3
2023/8/28, 69, 36, 19, 2
2023/8/29, 69, 31, 14, 3
2023/8/30, 52, 24, 15, 3
2023/8/31, 43, 27, 24, 4
2023/9/1, 51, 26, 21, 3
2023/9/2, 56, 19, 12, 2
2023/9/3, 45, 22, 21, 3
2023/9/4, 46, 21, 17, 2
2023/9/5, 47, 24, 16, 2
2023/9/6, 203, 64, 18, 2
2023/9/7, 56, 28, 13, 2
2023/9/8, 56, 22, 10, 2
2023/9/9, 51, 22, 8, 2
2023/9/10, 41, 24, 14, 2
2023/9/11, 48, 21, 22, 2
2023/9/12, 37, 34, 32, 2
2023/9/13, 56, 44, 33, 3
2023/9/14, 73, 45, 38, 4
2023/9/15, 82, 41, 30, 3
2023/9/16, 72, 28, 17, 2
2023/9/17, 55, 22, 13, 2
2023/9/18, 44, 22, 20, 2
2023/9/19, 46, 31, 33, 3
2023/9/20, 58, 33, 30, 2
2023/9/21, 64, 46, 33, 5
2023/9/22, 84, 59, 35, 4
2023/9/23, 106, 62, 30, 4
2023/9/24, 110, 48, 25, 3
2023/9/25, 77, 39, 16, 1
2023/9/26, 67, 25, 19, 1
2023/9/27, 50, 25, 19, 1
2023/9/28, 55, 36, 26, 1
2023/9/29, 63, 46, 29, 1
2023/9/30, 75, , , 
2023/4/1, 52, 32, 21, 1
2023/4/2, 69, 40, 21, 1
2023/4/3, 62, 18, 19, 1
2023/4/4, 39, 18, 17, 1
2023/4/5, 173, 19, 19, 1
2023/4/6, 45, 21, 19, 1
2023/4/7, 53, 27, 23, 1
2023/4/8, 64, 29, 21, 
2023/4/9, 76, 19, 18, 1
2023/4/10, 51, 14, 13, 1
2023/4/11, 45, 25, 23, 1
2023/4/12, 62, 28, 23, 1
2023/4/13, 63, 33, 16, 1
2023/4/14, 63, 18, 9, 1
2023/4/15, 43, 22, 7, 1
2023/4/16, 51, 14, 10, 1
2023/4/17, 46, 24, 17, 1
2023/4/18, 50, 17, 19, 1
2023/4/19, 44, 22, 18, 1
2023/4/20, 58, 28, 24, 1
2023/4/21, 67, 24, 20, 1
2023/4/22, 59, 19, 17, 1
2023/4/23, 56, 35, 24, 1
2023/4/24, 76, 24, 21, 1
2023/4/25, 57, 20, 17, 1
2023/4/26, 48, 18, 13, 1
2023/4/27, 45, 19, 18, 1
2023/4/28, 54, 27, 18, 1
2023/4/29, 65, 28, 13, 1
2023/4/30, 68, , , 
2023/5/2, 69, 31, 19, 1
2023/5/3, 68, 72, 21, 1
2023/5/4, 65, 21, 21, 1
2023/5/5, 56, 18, 12, 1
2023/5/6, 53, 19, 21, 1
2023/5/7, 56, 25, 26, 1
2023/5/8, 64, 26, 24, 1
2023/5/9, 64, 19, 14, 1
2023/5/10, 49, 20, 19, 1
2023/5/11, 49, 57, 19, 
2023/5/12, 89, 24, 20, 1
2023/5/13, 55, 30, 26, 1
2023/5/14, 67, 38, 38, 1
2023/5/15, 73, 45, 36, 1
2023/5/16, 80, 31, 19, 1
2023/5/17, 57, 24, 20, 2
2023/5/18, 56, 22, 18, 1
2023/5/19, 55, 27, 24, 1
2023/5/20, 66, 23, 13, 1
2023/5/21, 60, 28, 15, 1
2023/5/22, 61, 22, 19, 1
2023/5/23, 56, 26, 24, 1
2023/5/24, 63, 32, 25, 1
2023/5/25, 69, 24, 23, 1
2023/5/26, 54, 19, 15, 1
2023/5/27, 50, 16, 13, 1
2023/5/28, 45, 20, 17, 1
2023/5/29, 56, 27, 20, 1
2023/5/30, 60, 36, 26, 1
2023/5/31, 77, 28, 23, 1
2023/6/1, 67, 29, 28, 1
2023/6/2, 58, 32, 22, 1
2023/6/3, 71, 25, 22, 2
2023/6/4, 59, 20, 14, 1
2023/6/5, 53, 21, 20, 1
2023/6/6, 50, 27, 24, 1
2023/6/7, 61, 25, 23, 1
2023/6/8, 62, 30, 22, 1
2023/6/9, 63, 34, 26, 1
2023/6/10, 69, 26, 20, 1
2023/6/11, 66, 30, 22, 1
2023/6/12, 68, 108, 22, 1
2023/6/13, 133, 24, 20, 1
2023/6/14, 54, 27, 26, 2
2023/6/15, 61, 22, 24, 2
2023/6/16, 56, 30, 20, 2
2023/6/17, 71, 15, 11, 1
2023/6/18, 47, 30, 23, 2
2023/6/19, 67, 33, 26, 2
2023/6/20, 74, 27, 27, 1
2023/6/21, 88, 24, 28, 1
2023/6/22, 54, 25, 25, 1
2023/6/23, 52, 21, 24, 1
2023/6/24, 52, 27, 24, 2
2023/6/25, 60, 33, 23, 4
2023/6/26, 67, 27, 20, 2
2023/6/27, 47, 28, 25, 2
2023/6/28, 56, 31, 20, 2
2023/6/29, 62, 25, 17, 1
2023/6/30, 55, 29, 19, 2
2023/1/2, 113, 60, 28, 2
2023/1/3, 132, 61, 30, 2
2023/1/4, 130, 49, 29, 2
2023/1/5, 111, 51, 26, 2
2023/1/6, 116, 54, 27, 1
2023/1/7, 119, 52, 24, 1
2023/1/8, 123, 56, 25, 1
2023/1/9, 123, 27, 19, 1
2023/1/10, 57, 31, 26, 1
2023/1/11, 71, 37, 26, 1
2023/1/12, 81, 26, 22, 1
2023/1/13, 67, 49, 27, 2
2023/1/14, 119, 42, 21, 1
2023/1/15, 96, 40, 26, 1
2023/1/16, 97, 106, 11, 1
2023/1/17, 81, 39, 9, 1
2023/1/18, 55, 37, 10, 1
2023/1/19, 54, 21, 17, 1
2023/1/20, 42, 45, 15, 1
2023/1/21, 67, 38, 21, 1
2023/1/22, 64, 41, 25, 1
2023/1/23, 65, 35, 26, 1
2023/1/24, 71, 24, 13, 1
2023/1/25, 56, 29, 21, 1
2023/1/26, 79, 45, 28, 2
2023/1/27, 96, 33, 23, 4
2023/1/28, 80, 29, 18, 1
2023/1/29, 83, 60, 22, 1
2023/1/30, 100, 37, 21, 1
2023/1/31, 79, 18, 18, 1
2023/2/1, 50, 45, 28, 2
2023/2/2, 102, 31, 26, 1
2023/2/3, 69, 39, 30, 2
2023/2/4, 97, 14, 9, 1
2023/2/5, 49, 14, 9, 1
2023/2/6, 46, 14, 15, 1
2023/2/7, 48, 21, 17, 1
2023/2/8, 51, 24, 18, 
2023/2/9, 47, 23, 18, 
2023/2/10, 51, 22, 18, 1
2023/2/11, 56, 41, 28, 3
2023/2/12, 109, 25, 15, 1
2023/2/13, 50, , , 
2023/2/15, 92, 57, 31, 2
2023/2/16, 127, 68, 31, 2
2023/2/17, 131, 51, 29, 3
2023/2/18, 107, 36, 20, 1
2023/2/19, 77, 32, 28, 1
2023/2/20, 60, 38, 31, 4
2023/2/21, 75, 51, 32, 3
2023/2/22, 107, 53, 27, 2
2023/2/23, 116, 48, 22, 1
2023/2/24, 102, 40, 23, 1
2023/2/25, 84, 32, 9, 1
2023/2/26, 57, 47, 12, 1
2023/2/27, 63, 56, 27, 1
2023/2/28, 83, 55, 25, 1
2023/3/1, 92, 38, 19, 1
2023/3/2, 72, 31, 21, 1
2023/3/3, 58, 31, 17, 1
2023/3/4, 58, 39, 17, 2
2023/3/5, 82, 22, 18, 2
2023/3/6, 45, 18, 33, 1
2023/3/7, 57, 18, 19, 51
2023/3/8, 46, 62, 22, 63
2023/3/9, 54, 28, 23, 
2023/3/10, 57, 22, 11, 
2023/3/11, 44, , , 
2023/3/15, 59, 33, 23, 1
2023/3/16, 73, 14, 16, 1
2023/3/17, 33, 18, 15, 1
2023/3/18, 42, 18, 16, 1
2023/3/19, 51, 38, 31, 2
2023/3/20, 82, 47, 37, 4
2023/3/21, 104, 40, 24, 1
2023/3/22, 89, 21, 18, 1
2023/3/23, 50, 96, 21, 1
2023/3/24, 95, 37, 20, 2
2023/3/25, 90, 27, 25, 1
2023/3/26, 63, 35, 26, 3
2023/3/27, 70, 20, 13, 1
2023/3/28, 35, 15, 15, 2
2023/3/29, 39, 30, 28, 2
2023/3/30, 58, 29, 22, 1
2023/3/31, 51, 28, 16, 3
2022/10/1, 76, 32, 17, 2
2022/10/2, 53, 23, 27, 3
2022/10/3, 50, 19, 17, 2
2022/10/4, 43, 17, 19, 1
2022/10/5, 38, 17, 15, 1
2022/10/6, 40, 19, 14, 1
2022/10/7, 44, 23, 23, 1
2022/10/8, 50, 28, 27, 2
2022/10/9, 62, 32, 30, 2
2022/10/10, 66, 33, 27, 2
2022/10/11, 73, 30, 26, 1
2022/10/12, 65, 21, 25, 2
2022/10/13, 48, 19, 21, 1
2022/10/14, 43, 18, 15, 1
2022/10/15, 52, 17, 15, 1
2022/10/16, 46, 20, 19, 1
2022/10/17, 53, 20, 17, 1
2022/10/18, 52, 26, 25, 2
2022/10/19, 58, 35, 31, 3
2022/10/20, 71, 25, 20, 1
2022/10/21, 60, 30, 28, 2
2022/10/22, 70, 46, 33, 5
2022/10/23, 98, 54, 36, 5
2022/10/24, 104, 60, 46, 7
2022/10/25, 118, 61, 41, 6
2022/10/26, 115, 40, 28, 3
2022/10/27, 74, 18, 15, 1
2022/10/28, 48, 18, 14, 1
2022/10/29, 45, 23, 23, 1
2022/10/30, 58, 37, 37, 2
2022/10/31, 136, 25, 27, 1
2022/11/1, 58, 48, 40, 3
2022/11/2, 88, 58, 40, 5
2022/11/3, 109, 55, 34, 4
2022/11/4, 107, 41, 18, 1
2022/11/5, 82, 22, 15, 1
2022/11/6, 49, 28, 24, 1
2022/11/7, 62, 40, 28, 1
2022/11/8, 88, 37, 23, 1
2022/11/9, 82, 38, 27, 1
2022/11/10, 83, 43, 27, 1
2022/11/11, 95, 22, 17, 1
2022/11/12, 60, 38, 23, 
2022/11/13, 87, 42, 32, 1
2022/11/14, 91, 37, 28, 1
2022/11/15, 86, 37, 27, 1
2022/11/16, 77, 45, 26, 2
2022/11/17, 77, 41, 23, 2
2022/11/18, 77, 32, 23, 1
2022/11/19, 62, 48, 9, 
2022/11/20, 60, 34, 14, 1
2022/11/21, 49, 19, 17, 1
2022/11/22, 34, 26, 20, 1
2022/11/23, 58, 27, 25, 2
2022/11/24, 55, 22, 21, 1
2022/11/25, 52, 28, 27, 1
2022/11/26, 66, 18, 9, 1
2022/11/27, 45, 53, 15, 2
2022/11/28, 45, 21, 19, 1
2022/11/29, 56, 22, 22, 1
2022/11/30, 67, 26, 29, 1
2022/12/1, 61, 42, 26, 1
2022/12/2, 91, 24, 18, 1
2022/12/3, 61, 31, 18, 1
2022/12/4, 58, 29, 20, 1
2022/12/5, 54, 27, 21, 1
2022/12/6, 57, 32, 25, 1
2022/12/7, 69, 40, 26, 1
2022/12/8, 77, 60, 24, 1
2022/12/9, 95, 50, 15, 1
2022/12/10, 65, 39, 11, 1
2022/12/11, 61, 28, 27, 1
2022/12/12, 57, 36, 27, 1
2022/12/13, 69, 27, 22, 1
2022/12/14, 59, 42, 21, 1
2022/12/15, 74, 62, 30, 
2022/12/16, 118, 52, 22, 
2022/12/17, 91, 49, 22, 
2022/12/18, 89, 25, 13, 
2022/12/19, 52, 20, 13, 1
2022/12/20, 52, 68, 19, 1
2022/12/21, 93, 45, 29, 1
2022/12/22, 105, 53, 29, 2
2022/12/23, 122, 65, 28, 2
2022/12/24, 138, 55, 25, 1
2022/12/25, 115, 44, 27, 1
2022/12/26, 109, 58, 32, 1
2022/12/27, 124, 57, 27, 1
2022/12/28, 119, 49, 27, 1
2022/12/29, 111, 54, 26, 1
2022/12/30, 123, 56, 27, 1
2022/12/31, 132, 54, 18, 1
2023/1/1, 124, 49, 28, 1
2022/7/1, 53, 24, 21, 1
2022/7/2, 55, 22, 8, 
2022/7/3, 50, 18, 20, 1
2022/7/4, 37, 20, 20, 1
2022/7/5, 41, 28, 31, 1
2022/7/6, 59, 32, 23, 1
2022/7/7, 61, 31, 24, 1
2022/7/8, 70, 21, 11, 1
2022/7/9, 51, 16, 11, 1
2022/7/10, 45, 24, 26, 1
2022/7/11, 59, 23, 24, 1
2022/7/12, 52, 205, 19, 1
2022/7/13, 55, 22, 15, 1
2022/7/14, 46, 17, 17, 1
2022/7/15, 36, 33, 26, 1
2022/7/16, 57, 28, 15, 
2022/7/17, 60, 26, 18, 1
2022/7/18, 47, 24, 11, 1
2022/7/19, 39, 23, 11, 1
2022/7/20, 44, 21, 19, 1
2022/7/21, 46, 34, 36, 1
2022/7/22, 65, 29, 20, 1
2022/7/23, 57, 38, 30, 2
2022/7/24, 73, 40, 32, 1
2022/7/25, 76, 30, 27, 1
2022/7/26, 63, 97, 32, 1
2022/7/27, 83, 70, 32, 1
2022/7/28, 60, 52, 24, 1
2022/7/29, 54, 54, 22, 1
2022/7/30, 54, 47, 21, 1
2022/7/31, 63, 32, 23, 1
2022/8/1, 63, 24, 21, 1
2022/8/2, 56, 22, 12, 1
2022/8/3, 48, 20, 15, 1
2022/8/4, 41, 23, 16, 1
2022/8/5, 49, 19, 10, 1
2022/8/6, 51, 18, 7, 1
2022/8/7, 48, 25, 10, 1
2022/8/8, 55, 28, 16, 1
2022/8/9, 50, 24, 16, 1
2022/8/10, 52, 27, 14, 1
2022/8/11, 52, 21, 17, 1
2022/8/12, 51, 22, 16, 3
2022/8/13, 55, 23, 11, 1
2022/8/14, 62, 14, 7, 1
2022/8/15, 45, 20, 17, 2
2022/8/16, 55, 31, 21, 1
2022/8/17, 61, 26, 28, 1
2022/8/18, 62, 32, 32, 2
2022/8/19, 72, 29, 23, 1
2022/8/20, 68, 29, 14, 1
2022/8/21, 61, 24, 17, 1
2022/8/22, 60, 28, 18, 
2022/8/23, 217, 31, 21, 1
2022/8/24, 62, 29, 21, 1
2022/8/25, 59, 34, 21, 1
2022/8/26, 68, 35, 15, 1
2022/8/27, 69, 43, 12, 2
2022/8/28, 72, 53, 28, 2
2022/8/29, 84, 53, 30, 2
2022/8/30, 82, 44, 30, 2
2022/8/31, 75, 46, 28, 4
2022/9/1, 82, 44, 23, 2
2022/9/2, 83, 34, 15, 1
2022/9/3, 72, 27, 14, 1
2022/9/4, 65, 32, 11, 1
2022/9/5, 50, 29, 13, 1
2022/9/6, 43, 19, 14, 1
2022/9/7, 40, 20, 21, 1
2022/9/8, 41, 30, 35, 2
2022/9/9, 61, 40, 33, 3
2022/9/10, 76, 38, 24, 5
2022/9/11, 73, 24, 20, 2
2022/9/12, 52, 21, 22, 1
2022/9/13, 51, 24, 28, 1
2022/9/14, 51, 32, 27, 1
2022/9/15, 66, 31, 23, 1
2022/9/16, 67, 29, 14, 1
2022/9/17, 62, 23, 9, 1
2022/9/18, 45, 22, 17, 1
2022/9/19, 39, 24, 22, 1
2022/9/20, 47, 23, 19, 1
2022/9/21, 55, 663, 16, 1
2022/9/22, 41, , 22, 
2022/9/23, 40, 880, 29, 1
2022/9/24, 50, , , 
2022/9/26, 65, 29, 29, 2
2022/9/27, 58, 30, 26, 3
2022/9/28, 62, 24, 25, 3
2022/9/29, 52, 31, 31, 4
2022/9/30, 58, 51, 31, 4
2022/4/1, 108, 75, 16, 1
2022/4/2, 81, 30, 12, 1
2022/4/3, 51, 26, 27, 1
2022/4/4, 50, 31, 20, 1
2022/4/5, 56, 45, 22, 1
2022/4/6, 73, 52, 22, 1
2022/4/7, 71, 27, 19, 1
2022/4/8, 53, 29, 18, 2
2022/4/9, 56, 24, 14, 1
2022/4/10, 48, 19, 13, 1
2022/4/11, 39, 25, 21, 1
2022/4/12, 56, 29, 27, 1
2022/4/13, 61, 35, 30, 1
2022/4/14, 73, 31, 31, 1
2022/4/15, 64, 37, 30, 2
2022/4/16, 69, 30, 19, 1
2022/4/17, 60, 18, 14, 1
2022/4/18, 36, 17, 19, 1
2022/4/19, 43, 26, 20, 2
2022/4/20, 55, 33, 25, 1
2022/4/21, 62, 27, 17, 1
2022/4/22, 58, 44, 17, 2
2022/4/23, 65, 61, 21, 4
2022/4/24, 99, 51, 23, 3
2022/4/25, 76, 46, 31, 3
2022/4/26, 66, 51, 38, 2
2022/4/27, 76, 66, 28, 3
2022/4/28, 84, 41, 16, 1
2022/4/29, 48, , , 
2022/5/3, 55, , 17, 1
2022/5/4, 49, 22, 24, 2
2022/5/5, 63, 28, 28, 1
2022/5/6, 60, 19, 16, 
2022/5/7, 50, 20, 15, 1
2022/5/8, 50, 19, 19, 1
2022/5/9, 39, 18, 21, 1
2022/5/10, 32, 24, 29, 2
2022/5/11, 51, 32, 34, 1
2022/5/12, 66, 35, 31, 2
2022/5/13, 65, 35, 21, 1
2022/5/14, 70, 36, 23, 3
2022/5/15, 76, 39, 30, 2
2022/5/16, 77, 40, 27, 2
2022/5/17, 81, 36, 27, 2
2022/5/18, 71, 21, 10, 1
2022/5/19, 36, 20, 13, 1
2022/5/20, 37, 19, 23, 1
2022/5/21, 40, 30, 28, 3
2022/5/22, 61, 33, 32, 2
2022/5/23, 64, 35, 26, 2
2022/5/24, 68, 43, 28, 3
2022/5/25, 115, 46, 35, 4
2022/5/26, 79, 52, 38, 1
2022/5/27, 93, 52, 21, 2
2022/5/28, 84, 43, 14, 1
2022/5/29, 60, 31, 17, 1
2022/5/30, 56, 72, 24, 2
2022/5/31, 97, 40, 31, 3
2022/6/1, 73, 38, 25, 1
2022/6/2, 67, 41, 20, 1
2022/6/3, 64, 33, 18, 1
2022/6/4, 59, 35, 21, 1
2022/6/5, 66, 45, 28, 4
2022/6/6, 84, 23, 18, 1
2022/6/7, 52, 21, 16, 1
2022/6/8, 172, 26, 18, 2
2022/6/9, 834, 38, 16, 1
2022/6/11, 834, 16, 10, 1
2022/6/13, 834, 28, 30, 1
2022/6/14, 124, 26, 27, 1
2022/6/15, 58, 20, 20, 
2022/6/16, 51, 23, 25, 1
2022/6/17, 51, 25, 17, 1
2022/6/18, 59, 22, 10, 1
2022/6/19, 50, 21, 16, 1
2022/6/20, 46, 27, 23, 1
2022/6/21, 63, 39, 32, 2
2022/6/22, 78, 45, 30, 2
2022/6/23, 77, 37, 22, 1
2022/6/24, 70, 27, 20, 1
2022/6/25, 59, 36, 18, 2
2022/6/26, 68, 27, 24, 1
2022/6/27, 62, 25, 24, 1
2022/6/28, 57, 24, 16, 1
2022/6/29, 53, 27, 27, 1
2022/6/30, 56, 25, 24, 1
2022/1/3, 101, 35, 19, 4
2022/1/4, 75, 28, 16, 3
2022/1/5, 69, 43, 12, 4
2022/1/6, 90, 25, 13, 3
2022/1/7, 56, 30, 13, 3
2022/1/8, 71, 28, 11, 4
2022/1/9, 75, 51, 14, 5
2022/1/10, 111, 19, 17, 4
2022/1/11, 52, 13, 10, 2
2022/1/12, 41, 20, 12, 1
2022/1/13, 53, 33, 22, 3
2022/1/14, 81, 62, 19, 5
2022/1/15, 121, 29, 13, 2
2022/1/16, 80, 59, 22, 4
2022/1/17, 125, 34, 18, 4
2022/1/18, 76, 24, 16, 2
2022/1/19, 236, 48, 23, 4
2022/1/20, 99, 57, 23, 
2022/1/21, 85, , , 
2022/1/23, 45, 16, 11, 
2022/1/24, 52, 18, 8, 
2022/1/25, 56, 27, 15, 
2022/1/26, 74, 45, 26, 
2022/1/27, 96, 58, 26, 
2022/1/28, 122, 42, 18, 
2022/1/29, 97, 37, 15, 
2022/1/30, 83, 62, 22, 
2022/1/31, 107, 33, 17, 
2022/2/1, 55, 29, 18, 43
2022/2/2, 50, 19, 14, 1
2022/2/3, 43, 28, 21, 1
2022/2/4, 61, 66, 31, 1
2022/2/5, 125, 69, 29, 1
2022/2/6, 133, 62, 35, 1
2022/2/7, 111, 19, 11, 1
2022/2/8, 39, 21, 17, 
2022/2/9, 55, 31, 28, 1
2022/2/10, 69, 45, 35, 1
2022/2/11, 91, 55, 33, 1
2022/2/12, 113, 36, 19, 1
2022/2/13, 79, 32, 29, 1
2022/2/14, 69, 50, 31, 1
2022/2/15, 113, 52, 31, 1
2022/2/16, 103, 34, 26, 1
2022/2/17, 64, 49, 34, 1
2022/2/18, 93, 37, 29, 1
2022/2/19, 76, 47, 31, 1
2022/2/20, 97, 47, 34, 1
2022/2/21, 77, 464, 28, 1
2022/2/22, 70, 83, 20, 1
2022/2/23, 56, 25, 17, 1
2022/2/24, 56, 22, 21, 1
2022/2/25, 55, 38, 28, 1
2022/2/26, 87, 28, 17, 1
2022/2/27, 53, 31, 25, 1
2022/2/28, 71, 24, 18, 1
2022/3/1, 53, 20, 14, 1
2022/3/2, 53, 60, 13, 1
2022/3/3, 206, 35, , 1
2022/3/4, 69, 47, , 1
2022/3/5, 106, 36, , 1
2022/3/6, 78, 22, , 1
2022/3/7, 60, 18, , 1
2022/3/8, 48, 20, 23, 1
2022/3/9, 47, 20, 20, 
2022/3/10, 54, 23, 22, 1
2022/3/11, 55, 26, 21, 1
2022/3/12, 70, 29, 25, 1
2022/3/13, 81, 36, 30, 1
2022/3/14, 89, 38, 37, 1
2022/3/15, 85, 50, 36, 1
2022/3/16, 110, 45, 33, 1
2022/3/17, 92, 28, 18, 1
2022/3/18, 56, 20, 15, 1
2022/3/19, 52, 20, 15, 
2022/3/20, 56, 19, 24, 1
2022/3/21, 52, 22, 17, 1
2022/3/22, 51, 22, 21, 
2022/3/23, 55, 35, 40, 2
2022/3/24, 66, 48, 29, 1
2022/3/25, 94, 40, 27, 1
2022/3/26, 74, 48, 26, 2
2022/3/27, 98, 52, 49, 2
2022/3/28, 108, 47, 42, 1
2022/3/29, 90, 56, 27, 4
2022/3/30, 317, 62, 21, 1
2022/3/31, 155, 76, 24, 1
2021/10/1, 48, 20, 12, 
2021/10/2, 47, 18, 13, 
2021/10/3, 39, 20, 24, 1
2021/10/4, 46, 27, 25, 1
2021/10/5, 57, 25, 18, 1
2021/10/6, 51, 24, 20, 1
2021/10/7, 48, 33, 32, 
2021/10/8, 66, 23, 21, 1
2021/10/9, 59, 33, 24, 
2021/10/10, 69, 32, 24, 1
2021/10/11, 53, 30, 24, 1
2021/10/12, 56, 27, 28, 2
2021/10/13, 56, 22, 29, 1
2021/10/14, 52, 22, 24, 1
2021/10/15, 45, 27, 22, 1
2021/10/16, 54, , , 
2021/10/18, 47, 23, 23, 1
2021/10/19, 57, 29, 26, 1
2021/10/20, 67, 34, 25, 2
2021/10/21, 74, 38, 30, 1
2021/10/22, 78, 38, 28, 2
2021/10/23, 75, 38, 20, 1
2021/10/24, 77, 20, 13, 
2021/10/25, 47, 18, 18, 
2021/10/26, 44, 25, 23, 
2021/10/27, 57, 18, 13, 
2021/10/28, 49, 21, 17, 
2021/10/29, 53, 29, 24, 1
2021/10/30, 65, 26, 16, 1
2021/10/31, 65, 34, 32, 1
2021/11/1, 78, 38, 26, 1
2021/11/2, 77, 40, 31, 2
2021/11/3, 75, 45, 26, 1
2021/11/4, 80, 47, 25, 1
2021/11/5, 82, 63, 38, 1
2021/11/6, 134, 56, 27, 1
2021/11/7, 102, 51, 24, 1
2021/11/8, 97, 52, 26, 1
2021/11/9, 213, 26, 11, 1
2021/11/10, 60, 23, 22, 1
2021/11/11, 52, 26, 26, 1
2021/11/12, 65, 41, 25, 1
2021/11/13, 94, 43, 24, 1
2021/11/14, 106, 39, 27, 1
2021/11/15, 94, 34, 24, 1
2021/11/16, 79, 27, 20, 1
2021/11/17, 65, 28, 25, 1
2021/11/18, 68, 28, 24, 1
2021/11/19, 75, 22, 17, 1
2021/11/20, 64, 33, 28, 1
2021/11/21, 82, 46, 26, 1
2021/11/22, 102, 26, 23, 1
2021/11/23, 62, 17, 17, 1
2021/11/24, 56, 20, 20, 1
2021/11/25, 55, 32, 13, 1
2021/11/26, 89, 50, 12, 2
2021/11/27, 97, 34, 11, 2
2021/11/28, 61, 65, 13, 2
2021/11/29, 83, 19, 15, 1
2021/11/30, 40, 22, 17, 1
2021/12/1, 50, 37, 19, 1
2021/12/2, 75, 44, 14, 2
2021/12/3, 81, 37, 11, 1
2021/12/4, 78, 42, 11, 1
2021/12/5, 95, 44, 13, 2
2021/12/6, 78, 27, 15, 1
2021/12/7, 48, 21, 13, 4
2021/12/8, 54, 36, 15, 1
2021/12/9, 61, 182, 18, 1
2021/12/10, 54, , 11, 2
2021/12/11, 52, 880, 14, 1
2021/12/12, 46, 169, 16, 2
2021/12/13, 72, 14, 13, 2
2021/12/14, 44, 16, 12, 2
2021/12/15, 42, 29, 19, 2
2021/12/16, 67, 37, 22, 3
2021/12/17, 86, 17, 10, 2
2021/12/18, 46, 15, 12, 2
2021/12/19, 46, 90, 21, 4
2021/12/20, 117, 30, 16, 3
2021/12/21, 68, 25, 14, 2
2021/12/22, 63, 32, 16, 1
2021/12/23, 69, 47, 21, 3
2021/12/24, 105, 41, 17, 3
2021/12/25, 97, 50, 15, 4
2021/12/26, 103, 38, 15, 4
2021/12/27, 71, 27, 13, 3
2021/12/28, 56, 33, 15, 4
2021/12/29, 73, 31, 10, 4
2021/12/30, 76, 22, 11, 2
2021/12/31, 63, 54, 15, 4
2022/1/1, 131, 37, 12, 4
2022/1/2, 93, 45, 15, 4
2021/7/1, 82, 41, , 3
2021/7/2, 65, 27, , 1
2021/7/3, 60, , , 
2021/7/5, 248, 26, , 1
2021/7/6, 53, 31, , 1
2021/7/7, 46, 24, , 1
2021/7/8, 59, 19, , 1
2021/7/9, 48, 22, , 
2021/7/10, 48, , , 
2021/7/12, 51, 28, , 1
2021/7/13, 61, 28, , 1
2021/7/14, 59, 28, , 1
2021/7/15, 61, 33, , 1
2021/7/16, 58, 32, , 1
2021/7/17, 58, 31, , 1
2021/7/18, 59, 25, , 1
2021/7/19, 52, 19, , 1
2021/7/20, 51, 28, , 
2021/7/21, 58, 26, , 1
2021/7/22, 59, 18, , 1
2021/7/23, 47, 20, , 1
2021/7/24, 44, 18, , 1
2021/7/25, 47, 20, , 1
2021/7/26, 49, 21, , 1
2021/7/27, 48, 23, , 
2021/7/28, 48, 39, , 1
2021/7/29, 71, 51, , 3
2021/7/30, 87, 55, , 2
2021/7/31, 97, 54, , 1
2021/8/1, 94, 51, , 2
2021/8/2, 91, 58, , 2
2021/8/3, 102, 88, , 3
2021/8/4, 153, 57, , 3
2021/8/5, 104, 62, , 1
2021/8/6, 107, 47, , 1
2021/8/7, 102, 24, , 1
2021/8/8, 64, 27, , 1
2021/8/9, 64, 47, , 4
2021/8/10, 106, 36, , 2
2021/8/11, 75, 28, , 1
2021/8/12, 55, 20, , 1
2021/8/13, 52, 20, , 1
2021/8/14, 51, 16, , 1
2021/8/15, 44, 16, , 1
2021/8/16, 43, 23, , 2
2021/8/17, 61, 33, , 1
2021/8/18, 76, 28, , 1
2021/8/19, 68, 22, , 1
2021/8/20, 55, 17, , 1
2021/8/21, 50, 18, , 
2021/8/22, 52, 23, , 1
2021/8/23, 57, 20, , 1
2021/8/24, 51, 24, , 1
2021/8/25, 57, 31, , 2
2021/8/26, 70, 36, , 1
2021/8/27, 70, 25, , 1
2021/8/28, 356, 22, , 1
2021/8/31, 63, 28, , 1
2021/9/1, 56, 25, , 1
2021/9/2, 59, 22, , 1
2021/9/3, 53, 21, , 1
2021/9/4, 49, 21, , 1
2021/9/5, 53, 26, , 1
2021/9/6, 46, 30, 12, 1
2021/9/7, 51, 26, 13, 1
2021/9/8, 54, 13, 13, 1
2021/9/9, 37, 21, 20, 1
2021/9/10, 55, 28, 21, 1
2021/9/11, 60, 31, 17, 1
2021/9/12, 65, 32, 22, 1
2021/9/13, 66, 31, 24, 1
2021/9/14, 60, 42, 38, 1
2021/9/15, 76, 42, 36, 2
2021/9/16, 81, 46, 34, 3
2021/9/17, 85, 42, 29, 1
2021/9/18, 73, 41, 26, 2
2021/9/19, 70, 45, 27, 1
2021/9/20, 71, 36, 27, 3
2021/9/21, 64, 31, 23, 2
2021/9/22, 67, 18, 17, 1
2021/9/23, 48, 19, 24, 3
2021/9/24, 49, 41, 39, 1
2021/9/25, 78, 20, 27, 3
2021/9/26, 54, 37, 41, 3
2021/9/27, 71, 30, 30, 1
2021/9/28, 65, 306, 16, 1
2021/9/29, 49, , 15, 
2021/9/30, 41, 267, 14, 1
2021/4/1, 62, 44, 32, 3
2021/4/2, 93, 31, 21, 1
2021/4/3, 69, 34, 11, 1
2021/4/4, 241, 39, 19, 1
2021/4/5, 190, 39, 17, 2
2021/4/6, 60, 22, 12, 1
2021/4/7, 46, 24, 17, 1
2021/4/8, 48, 13, 13, 1
2021/4/9, 45, 18, 17, 1
2021/4/10, 55, 29, 20, 2
2021/4/11, 74, 30, 27, 1
2021/4/12, 72, 32, 27, 3
2021/4/13, 72, 36, 25, 1
2021/4/14, 80, 26, 19, 2
2021/4/15, 54, 28, 19, 1
2021/4/16, 59, 29, 12, 1
2021/4/17, 70, 83, 17, 2
2021/4/18, 92, 39, 21, 1
2021/4/19, 78, 12, 12, 1
2021/4/20, 37, 14, 16, 1
2021/4/21, 38, 22, 21, 2
2021/4/22, 54, 26, 28, 1
2021/4/23, 57, 14, 13, 
2021/4/24, 45, 18, 12, 1
2021/4/25, 49, 25, 28, 1
2021/4/26, 64, 29, 23, 2
2021/4/27, 68, 33, 21, 1
2021/4/28, 66, 47, 31, 2
2021/4/29, 78, 50, 28, 3
2021/4/30, 80, 50, 36, 5
2021/5/1, 84, 59, 31, 3
2021/5/2, 118, 50, 29, 2
2021/5/3, 88, 37, 24, 1
2021/5/4, 59, 880, 22, 3
2021/5/5, 60, 24, 19, 3
2021/5/6, 50, 30, 28, 2
2021/5/7, 58, 27, 24, 4
2021/5/8, 55, 22, 7, 1
2021/5/9, 39, 20, 17, 
2021/5/10, 39, 18, 23, 1
2021/5/11, 37, 22, 27, 1
2021/5/12, 52, 27, 21, 2
2021/5/13, 57, 22, 17, 3
2021/5/14, 42, 25, 25, 2
2021/5/15, 56, 15, 14, 2
2021/5/16, 35, 20, 20, 1
2021/5/17, 40, 22, 21, 2
2021/5/18, 42, 31, 28, 2
2021/5/19, 59, 38, 17, 2
2021/5/20, 79, 16, 15, 2
2021/5/21, 29, 23, 18, 1
2021/5/22, 52, 25, 19, 2
2021/5/23, 58, 36, 41, 4
2021/5/24, 75, 36, 36, 5
2021/5/25, 64, 36, 31, 2
2021/5/26, 68, 31, 27, 3
2021/5/27, 59, 27, 23, 3
2021/5/28, 53, 23, 15, 1
2021/5/29, 57, 23, 17, 1
2021/5/30, 55, 24, 18, 2
2021/5/31, 57, 16, 12, 1
2021/6/1, 44, 16, 16, 1
2021/6/2, 42, 24, 20, 2
2021/6/3, 56, 23, 23, 1
2021/6/4, 53, 22, 16, 1
2021/6/5, 52, 28, 19, 2
2021/6/6, 66, 32, 26, 3
2021/6/7, 65, 29, 27, 1
2021/6/8, 61, 23, 19, 1
2021/6/9, 57, 23, 22, 1
2021/6/10, 57, 32, 33, 1
2021/6/11, 65, 34, 25, 2
2021/6/12, 71, 22, 17, 2
2021/6/13, 281, 20, 21, 1
2021/6/14, 126, 14, 18, 1
2021/6/15, 43, 21, 24, 1
2021/6/16, 55, 29, 29, 2
2021/6/17, 65, 28, 31, 3
2021/6/18, 66, 29, 27, 6
2021/6/19, 71, 27, 7, 48
2021/6/20, 71, 27, , 55
2021/6/21, 66, 25, , 55
2021/6/22, 66, , , 
2021/6/25, 131, 56, , 3
2021/6/26, 97, 46, , 1
2021/6/27, 88, 36, , 2
2021/6/28, 73, 34, , 
2021/6/29, 75, 35, , 1
2021/6/30, 77, 47, , 1
2021/1/4, 73, 24, 22, 3
2021/1/5, 58, 39, 21, 3
2021/1/6, 95, 45, 30, 3
2021/1/7, 91, 44, 20, 2
2021/1/8, 78, 60, 16, 1
2021/1/9, 93, 65, 17, 1
2021/1/10, 115, 57, 14, 1
2021/1/11, 76, 58, 14, 1
2021/1/12, 77, 17, 18, 1
2021/1/13, 42, 17, 18, 1
2021/1/14, 44, 20, 21, 1
2021/1/15, 48, 14, 12, 
2021/1/16, 48, 16, 9, 1
2021/1/17, 60, 21, 18, 1
2021/1/18, 64, 30, 22, 1
2021/1/19, 81, 40, 35, 2
2021/1/20, 834, 53, 39, 2
2021/1/21, 88, 48, 30, 1
2021/1/22, 98, 20, 10, 
2021/1/23, 39, 13, 12, 1
2021/1/24, 29, 19, 20, 2
2021/1/25, 41, 30, 19, 1
2021/1/26, 47, 11, 12, 1
2021/1/27, 33, 15, 21, 2
2021/1/28, 50, 43, 32, 1
2021/1/29, 96, 42, 27, 1
2021/1/30, 88, 40, 16, 1
2021/1/31, 88, 40, 22, 
2021/2/1, 60, 36, 26, 1
2021/2/2, 67, 48, 29, 2
2021/2/3, 97, 36, 26, 1
2021/2/4, 82, 45, 30, 1
2021/2/5, 90, 48, 27, 1
2021/2/6, 100, 53, 33, 1
2021/2/7, 95, 27, 12, 1
2021/2/8, 54, 37, 19, 1
2021/2/9, 60, 32, 23, 1
2021/2/10, 59, 50, 18, 1
2021/2/11, 73, 28, 23, 1
2021/2/12, 53, 22, 13, 
2021/2/13, 54, 12, 9, 
2021/2/14, 43, 10, 10, 1
2021/2/15, 37, 17, 10, 1
2021/2/16, 58, 34, 23, 2
2021/2/17, 84, 62, 35, 1
2021/2/18, 121, 55, 36, 2
2021/2/19, 115, 185, 29, 1
2021/2/20, 104, , 14, 1
2021/2/21, 79, 45, 30, 1
2021/2/22, 89, 57, 39, 3
2021/2/23, 118, 48, 34, 2
2021/2/24, 105, 105, 16, 1
2021/2/25, 145, 37, 23, 1
2021/2/26, 72, 51, 30, 3
2021/2/27, 101, 46, 15, 1
2021/2/28, 99, 20, 20, 1
2021/3/1, 53, 17, 13, 1
2021/3/2, 43, 20, 21, 1
2021/3/3, 51, 38, 32, 6
2021/3/4, 87, 47, 33, 2
2021/3/5, 97, 31, 24, 1
2021/3/6, 68, , , 
2021/3/8, 140, 25, 23, 1
2021/3/9, 63, 35, 27, 1
2021/3/10, 74, 28, 13, 1
2021/3/11, 48, 21, 18, 1
2021/3/12, 58, 41, 26, 1
2021/3/13, 94, 42, 18, 1
2021/3/14, 96, 24, 10, 1
2021/3/15, 48, 16, 9, 1
2021/3/16, 24, 16, 14, 2
2021/3/17, 32, 15, 15, 2
2021/3/18, 28, 18, 20, 1
2021/3/19, 42, 26, 18, 1
2021/3/20, 63, 31, 13, 1
2021/3/21, 62, 33, 15, 1
2021/3/22, 55, 14, 13, 1
2021/3/23, 30, 14, 9, 1
2021/3/24, 42, 11, 6, 1
2021/3/25, 35, 23, 22, 1
2021/3/26, 61, 32, 24, 1
2021/3/27, 79, 38, 24, 3
2021/3/28, 97, 46, 33, 3
2021/3/29, 101, 17, 15, 1
2021/3/30, 45, 18, 14, 1
2021/3/31, 43, 29, 23, 1
2020/10/2, 51, 29, 14, 
2020/10/3, 57, 32, 11, 
2020/10/4, 57, 32, 11, 
2020/10/5, 62, 42, 15, 
2020/10/6, 93, 57, 19, 
2020/10/7, 91, 54, 17, 
2020/10/8, 48, 30, 13, 
2020/10/9, 39, 18, 14, 
2020/10/10, 47, 25, 17, 
2020/10/11, 51, 27, 15, 
2020/10/12, 47, 25, 14, 
2020/10/13, 143, 21, 12, 
2020/10/15, 54, 31, 18, 
2020/10/16, 49, 32, 15, 
2020/10/17, 61, 38, 13, 
2020/10/18, 50, 25, 14, 
2020/10/19, 50, 23, 18, 
2020/10/20, 40, 19, 16, 
2020/10/21, 43, 18, 15, 
2020/10/22, 55, 27, 20, 
2020/10/23, 76, 39, 25, 
2020/10/24, 151, 194, 25, 
2020/10/25, 71, 880, 17, 
2020/10/26, 55, 880, 21, 
2020/10/27, 63, 119, 22, 
2020/10/28, 40, 24, 16, 
2020/10/29, 35, 21, 16, 
2020/10/30, 71, 42, 17, 
2020/10/31, 45, 29, 18, 
2020/11/1, 58, 53, 17, 
2020/11/2, 73, 24, 21, 
2020/11/3, 99, 55, 21, 
2020/11/4, 78, 62, 17, 
2020/11/5, 43, 10, 16, 
2020/11/6, 55, 9, 15, 
2020/11/7, 37, 17, 8, 
2020/11/8, 35, 15, 8, 
2020/11/9, 47, 10, 13, 
2020/11/10, 48, 17, 13, 
2020/11/11, 194, 11, 11, 
2020/11/12, 54, 35, 15, 
2020/11/13, 71, 36, 17, 
2020/11/14, 69, 52, 14, 
2020/11/15, 85, 25, 14, 
2020/11/16, 91, , 18, 
2020/11/17, 83, , 20, 
2020/11/18, 63, , 18, 
2020/11/19, 35, , 11, 
2020/11/20, 33, , 14, 
2020/11/21, 36, , 10, 
2020/11/22, 48, , 8, 
2020/11/23, 53, , 15, 
2020/11/24, 69, , 16, 
2020/11/25, 48, , 14, 
2020/11/26, 48, , 17, 
2020/11/27, 82, 73, 24, 
2020/11/28, 122, 880, 23, 
2020/11/29, 81, 880, 17, 5
2020/11/30, 66, 880, 23, 2
2020/12/1, 46, , 15, 2
2020/12/2, 57, , 19, 3
2020/12/3, 53, , 23, 3
2020/12/4, 61, 16, 24, 3
2020/12/5, 88, , 23, 2
2020/12/6, 86, , 21, 3
2020/12/7, 56, , 24, 4
2020/12/8, 65, , 29, 3
2020/12/9, 76, , 16, 3
2020/12/10, 55, , 16, 3
2020/12/11, 53, , 24, 3
2020/12/12, 58, , 21, 3
2020/12/13, 44, , 15, 3
2020/12/14, 30, , 11, 2
2020/12/15, 39, 880, 14, 2
2020/12/16, 70, 110, 23, 2
2020/12/17, 67, 23, 20, 2
2020/12/18, 88, 38, 22, 2
2020/12/19, 74, 26, 16, 2
2020/12/20, 69, 26, 12, 2
2020/12/21, 54, 21, 16, 2
2020/12/22, 52, 21, 18, 3
2020/12/23, 98, 43, 26, 3
2020/12/24, 112, 49, 22, 3
2020/12/25, 77, 25, 17, 3
2020/12/26, 96, 46, 14, 2
2020/12/27, 41, 19, 4, 2
2020/12/28, 25, 13, 16, 2
2020/12/29, 32, 15, 13, 2
2020/12/30, 36, 21, 9, 2
2020/12/31, 47, 26, 13, 3
2021/1/1, 67, 25, 18, 3
2021/1/2, 99, 47, 24, 2
2021/1/3, 60, 29, 12, 2
2020/7/1, 70, , 20, 3
2020/7/2, 57, 32, 24, 3
2020/7/3, 63, 30, 21, 3
2020/7/4, 61, 30, 15, 3
2020/7/5, 61, 27, 15, 3
2020/7/6, 58, 35, 21, 3
2020/7/7, 66, 33, 16, 2
2020/7/8, 59, 21, 13, 2
2020/7/9, 44, 23, 16, 2
2020/7/10, 35, 20, 16, 2
2020/7/11, 38, 21, 13, 2
2020/7/12, 48, 33, 17, 3
2020/7/13, 60, 24, 14, 2
2020/7/14, 42, 24, 19, 2
2020/7/15, 42, 30, 19, 3
2020/7/16, 55, 29, 21, 3
2020/7/17, 58, 35, 19, 3
2020/7/18, 218, 30, 15, 2
2020/7/21, 57, 25, 17, 2
2020/7/22, 53, 28, 18, 3
2020/7/23, 53, 22, 19, 2
2020/7/24, 47, 26, 20, 2
2020/7/25, 51, 32, 19, 2
2020/7/26, 58, 32, 23, 3
2020/7/27, 60, 29, 22, 3
2020/7/28, 58, 30, 20, 2
2020/7/29, 55, 29, 24, 3
2020/7/30, 55, 34, 29, 4
2020/7/31, 62, 45, 30, 6
2020/8/1, 78, 25, 13, 3
2020/8/2, 52, 25, 17, 2
2020/8/3, 45, 24, 20, 2
2020/8/4, 52, 31, 21, 3
2020/8/5, 59, 31, 15, 3
2020/8/6, 56, 28, 14, 2
2020/8/7, 57, 26, 13, 2
2020/8/8, 60, 27, 10, 3
2020/8/9, 54, 30, 12, 2
2020/8/10, 58, 30, 19, 3
2020/8/11, 59, 31, 21, 4
2020/8/12, 58, 31, 20, 4
2020/8/13, 61, 24, 15, 2
2020/8/14, 47, 25, 14, 3
2020/8/15, 63, 33, 12, 3
2020/8/16, 68, 21, 11, 2
2020/8/17, 46, 28, 16, 3
2020/8/18, 54, 32, 15, 3
2020/8/19, 63, 25, 17, 3
2020/8/20, 54, 20, 13, 2
2020/8/21, 51, 26, 17, 2
2020/8/22, 55, 26, 15, 3
2020/8/23, 53, 27, 17, 3
2020/8/24, 59, 28, 19, 3
2020/8/25, 58, 27, 19, 3
2020/8/26, 56, 26, 21, 3
2020/8/27, 59, 25, 21, 4
2020/8/28, 49, 29, 25, 5
2020/8/29, 58, 30, 18, 5
2020/8/30, 63, 35, 27, 6
2020/8/31, 64, 40, 29, 9
2020/9/1, 72, 42, 22, 5
2020/9/2, 66, 42, 24, 5
2020/9/3, 71, 34, 20, 5
2020/9/4, 57, 24, 12, 3
2020/9/5, 43, 20, 14, 3
2020/9/6, 50, 26, 25, 5
2020/9/7, 52, 36, 27, 5
2020/9/8, 61, 37, 14, 3
2020/9/9, 55, 26, 16, 3
2020/9/10, 50, 26, 20, 3
2020/9/11, 51, 209, 14, 3
2020/9/12, 48, , 12, 2
2020/9/13, 53, , 14, 2
2020/9/14, 53, , 18, 3
2020/9/15, 56, , 20, 3
2020/9/16, 59, 42, 17, 3
2020/9/17, 57, 30, 15, 
2020/9/18, 56, 31, 10, 
2020/9/19, 49, 25, 11, 
2020/9/20, 40, 21, 15, 
2020/9/21, 45, 26, 17, 
2020/9/22, 48, 35, 18, 
2020/9/23, 60, 33, 17, 
2020/9/24, 60, 26, 18, 
2020/9/25, 53, 36, 15, 
2020/9/26, 61, 24, 13, 
2020/9/27, 44, 41, 16, 
2020/9/28, 57, 28, 15, 
2020/9/29, 527, 18, 17, 
2020/4/1, 69, 16, 13, 
2020/4/2, 33, 14, 14, 4
2020/4/3, 35, 13, 10, 1
2020/4/4, 41, 8, 8, 1
2020/4/5, 18, 11, 12, 1
2020/4/6, 25, 14, 10, 
2020/4/7, 32, 23, 10, 
2020/4/8, 37, 18, 14, 1
2020/4/9, 41, 27, 21, 1
2020/4/10, 54, 33, 22, 2
2020/4/11, 67, 36, 15, 1
2020/4/12, 70, 34, 20, 1
2020/4/13, 65, 39, 20, 2
2020/4/14, 72, 25, 15, 1
2020/4/15, 43, 11, 11, 1
2020/4/16, 23, 19, 14, 2
2020/4/17, 47, , 16, 2
2020/4/18, 66, , 11, 2
2020/4/19, 77, , 10, 1
2020/4/20, 58, 31, 9, 1
2020/4/21, 57, 20, 9, 
2020/4/22, 46, 20, 10, 1
2020/4/23, 121, 19, 13, 2
2020/4/24, 43, 26, 19, 4
2020/4/25, 58, 28, 16, 3
2020/4/26, 59, 30, 21, 3
2020/4/27, 62, 33, 21, 3
2020/4/28, 69, 28, 20, 3
2020/4/29, 61, 21, 14, 2
2020/4/30, 39, 21, 12, 4
2020/5/1, 48, 20, 13, 4
2020/5/2, 33, 14, 9, 2
2020/5/3, 32, 17, 14, 1
2020/5/4, 34, 19, 16, 1
2020/5/5, 40, 23, 22, 3
2020/5/6, 40, 23, 18, 2
2020/5/7, 344, 19, 20, 1
2020/5/8, 43, 27, 19, 2
2020/5/9, 54, 33, 22, 4
2020/5/10, 67, 28, 20, 2
2020/5/11, 51, 34, 21, 2
2020/5/12, 53, 45, 30, 5
2020/5/13, 70, 80, 32, 4
2020/5/14, 103, 56, 34, 9
2020/5/15, 85, 59, 31, 9
2020/5/16, 89, 58, 24, 6
2020/5/17, 88, 68, 33, 5
2020/5/18, 100, 57, 26, 6
2020/5/19, 87, 56, 22, 4
2020/5/20, 79, 33, 14, 3
2020/5/21, 55, 19, 13, 1
2020/5/22, 35, 19, 16, 4
2020/5/23, 45, 17, 16, 1
2020/5/24, 41, 24, 18, 1
2020/5/25, 53, 20, 16, 1
2020/5/26, 44, 17, 16, 1
2020/5/27, 43, 21, 20, 1
2020/5/28, 44, 29, 22, 3
2020/5/29, 53, 23, 17, 3
2020/5/30, 52, 58, 16, 5
2020/5/31, 92, 24, 20, 3
2020/6/1, 54, 26, 19, 3
2020/6/2, 54, 24, 17, 3
2020/6/3, 51, 32, 16, 4
2020/6/4, 58, 22, 17, 2
2020/6/5, 47, 37, 13, 2
2020/6/6, 57, 25, 10, 2
2020/6/7, 47, 22, 15, 3
2020/6/8, 45, 28, 17, 2
2020/6/9, 50, 29, 18, 4
2020/6/10, 49, 23, 15, 4
2020/6/11, 44, 20, 17, 4
2020/6/12, 38, 20, 14, 4
2020/6/13, 43, 20, 14, 3
2020/6/14, 39, 28, 20, 5
2020/6/15, 52, 25, 17, 4
2020/6/16, 47, 21, 16, 4
2020/6/17, 38, 21, 17, 3
2020/6/18, 35, 22, 18, 4
2020/6/19, 41, 25, 19, 5
2020/6/20, 47, 29, 17, 6
2020/6/21, 57, 25, 16, 3
2020/6/22, 50, 24, 15, 3
2020/6/23, 57, 25, 17, 2
2020/6/24, 52, 23, 17, 2
2020/6/25, 48, 24, 16, 2
2020/6/26, 57, 24, 13, 2
2020/6/27, 49, 18, 13, 2
2020/6/28, 38, 27, 22, 3
2020/6/29, 52, 105, 28, 4
2020/6/30, 67, 880, 27, 4
2020/1/1, 122, 17, 11, 1
2020/1/2, 39, 19, 16, 1
2020/1/3, 48, 54, 30, 2
2020/1/4, 101, 51, 19, 1
2020/1/5, 95, 9, 8, 
2020/1/6, 28, 10, 12, 1
2020/1/7, 44, 19, 16, 
2020/1/8, 41, 25, 21, 1
2020/1/9, 55, 52, 29, 1
2020/1/10, 106, 68, 24, 1
2020/1/11, 136, 59, 20, 1
2020/1/12, 124, 36, 19, 1
2020/1/13, 67, 48, 20, 1
2020/1/14, 94, 41, 20, 1
2020/1/15, 139, 32, 21, 1
2020/1/16, 61, 22, 17, 1
2020/1/17, 45, 16, 14, 1
2020/1/18, 38, 19, 13, 
2020/1/19, 50, 22, 15, 
2020/1/20, 52, 29, 15, 
2020/1/21, 69, 53, 30, 2
2020/1/22, 106, 63, 26, 1
2020/1/23, 116, 33, 21, 1
2020/1/24, 67, 61, 22, 1
2020/1/25, 125, 67, 21, 1
2020/1/26, 133, 69, 17, 1
2020/1/27, 125, 33, 24, 1
2020/1/28, 69, 32, 22, 1
2020/1/29, 52, 22, 16, 1
2020/1/30, 39, 24, 20, 1
2020/1/31, 43, 29, 22, 1
2020/2/1, 60, , , 
2020/2/3, 70, 38, 21, 1
2020/2/4, 71, 21, 16, 1
2020/2/5, 45, 13, 13, 1
2020/2/6, 32, 13, 15, 1
2020/2/7, 40, 22, 16, 1
2020/2/8, 52, 35, 20, 2
2020/2/9, 90, 48, 21, 3
2020/2/10, 96, 33, 19, 2
2020/2/11, 65, 46, 21, 4
2020/2/12, 79, 28, 19, 
2020/2/13, 56, 35, 22, 
2020/2/14, 72, 22, 17, 
2020/2/15, 47, 20, 14, 
2020/2/16, 46, 22, 21, 
2020/2/17, 54, 36, 27, 
2020/2/18, 86, 55, 29, 
2020/2/19, 116, 25, 23, 
2020/2/20, 58, 13, 18, 
2020/2/21, 22, 21, 20, 
2020/2/26, 57, 30, 15, 
2020/2/27, 42, 18, 21, 
2020/2/28, 29, 13, 15, 
2020/2/29, 26, 30, 21, 
2020/3/1, 71, 27, 21, 
2020/3/2, 51, 27, 21, 
2020/3/3, 42, 30, 20, 
2020/3/4, 43, 21, 22, 
2020/3/5, 39, 30, 22, 
2020/3/6, 59, 29, 19, 
2020/3/7, 45, 65, 15, 
2020/3/8, 65, 18, 21, 
2020/3/9, 35, 19, 21, 
2020/3/10, 43, 35, 25, 
2020/3/11, 74, 33, 22, 
2020/3/12, 73, 24, 23, 
2020/3/13, 50, 37, 23, 
2020/3/14, 70, 32, 16, 
2020/3/15, 68, 17, 10, 
2020/3/16, 32, 15, 14, 
2020/3/17, 36, 30, 21, 
2020/3/18, 68, 16, 14, 
2020/3/19, 42, 32, 22, 
2020/3/20, 72, 40, 21, 
2020/3/21, 86, 38, 15, 
2020/3/22, 88, 32, 16, 
2020/3/23, 76, 12, 12, 
2020/3/24, 29, 13, 8, 
2020/3/25, 33, 15, 10, 
2020/3/26, 41, 12, 13, 
2020/3/27, 37, 15, 11, 
2020/3/28, 30, 28, 13, 
2020/3/29, 60, 39, 17, 
2020/3/30, 80, 42, 16, 
2020/3/31, 68, 39, 14, 
2019/11/6, 999, 350, 157, 24
2019/11/7, 374, 38, 18, 1
2019/11/8, 56, 37, 18, 1
2019/11/9, 62, 24, 13, 1
2019/11/10, 45, 33, 18, 1
2019/11/11, 57, 47, 23, 1
2019/11/12, 74, 43, 21, 1
2019/11/13, 78, 38, , 
2019/11/15, 79, 53, 13, 2
2019/11/16, 89, 44, 9, 1
2019/11/17, 81, 46, 10, 1
2019/11/18, 88, 46, 9, 1
2019/11/19, 82, 48, 14, 1
2019/11/20, 80, 51, 14, 1
2019/11/21, 81, 33, 14, 1
2019/11/22, 57, 63, 11, 1
2019/11/23, 75, , 10, 1
2019/12/11, 53, 23, 15, 1
2019/12/12, 52, 46, 19, 1
2019/12/13, 85, 35, 15, 1
2019/12/14, 68, 45, 13, 1
2019/12/15, 85, 57, 17, 1
2019/12/16, 110, , , 
2019/12/18, 97, 58, 20, 1
2019/12/19, 106, 40, 17, 1
2019/12/20, 68, 71, 19, 2
2019/12/21, 113, 58, 11, 1
2019/12/22, 77, 24, 19, 1
2019/12/23, 48, 19, 13, 1
2019/12/24, 36, 18, 12, 1
2019/12/25, 45, , , 
2019/12/27, 53, 17, 13, 1
2019/12/28, 42, 11, 10, 
2019/12/29, 30, , , 
2025/12/31, , 27, 13, 4
2025/10/19, , 20, 18, 3
2025/10/20, , 22, 17, 4
2025/10/26, , 45, 22, 45
2025/11/9, , 895, , 
2025/11/12, , 147, 32, 4
2025/9/21, , 24, 18, 3
2025/4/18, , 22, 13, 9
2024/12/31, , 51, 24, 5
2024/12/28, , 10, 12, 4
2024/6/30, , 72, 25, 71
2024/7/22, , 82, 27, 13
2024/9/29, , 11, 14, 1
2024/2/4, , 50, 32, 5
2023/10/1, , 37, 23, 1
2023/5/1, , 30, 31, 1
2023/2/14, , 41, 27, 1
2023/3/14, , 25, 29, 1
2022/9/25, , 253, 28, 3
2022/5/2, , 29, 22, 1
2022/6/10, , 25, 14, 1
2022/6/12, , 22, 15, 1
2022/1/22, , 15, 12, 
2021/10/17, , 18, 22, 1
2021/7/4, , 239, , 62
2021/7/11, , 23, , 1
2021/8/29, , 21, , 2
2021/8/30, , 26, , 1
2021/6/24, , 108, , 13
2021/3/7, , 115, 15, 1
2020/10/1, , 27, 20, 
2020/10/14, , 22, 16, 
2020/7/19, , 34, 23, 3
2020/7/20, , 30, 20, 3
2020/9/30, , 20, 20, 
2019/12/31, , 58, 16, 1
2020/2/2, , 36, 18, 1
2020/2/22, , 20, 17, 
2020/2/23, , 48, 28, 
2020/2/24, , 39, 25, 
2020/2/25, , 37, 26, 
2019/11/5, , 999, 500, 389
2019/11/14, , 49, 13, 2
2019/11/25, , 28, 12, 1
2019/11/26, , 38, 15, 1
2019/11/27, , 44, 16, 1
2019/11/28, , 23, 15, 1
2019/11/29, , 26, 16, 1
2019/11/30, , 21, 13, 1
2019/12/1, , 20, 12, 
2019/12/2, , 58, 19, 1
2019/12/4, , 19, 15, 1
2019/12/5, , 28, 16, 1
2019/12/6, , 50, 14, 1
2019/12/7, , 43, 13, 1
2019/12/8, , 43, 17, 1
2019/12/9, , 31, 15, 1
2019/12/10, , 31, 16, 1
2019/12/17, , 51, 20, 1
2019/12/26, , 23, 15, 
2025/11/11, , , , 1
2019/11/24, , , 14, 1