date, pm25, pm10, o3, no2, co
2019/10/1, 87, , 6, 10, 
2019/10/2, 101, , 5, 4, 
2019/10/3, 67, , 4, 3, 
2019/10/4, 41, , 8, 3, 
2019/10/5, 51, , 7, 4, 
2019/10/6, 46, , 7, 6, 
2019/10/7, 57, , 7, 6, 
2019/10/8, 73, , 5, 11, 
2019/10/9, 89, , 4, 13, 
2019/10/10, 109, , 10, 7, 
2019/10/11, 70, , 9, 10, 
2019/10/12, 84, , 7, 11, 
2019/10/13, 106, , 6, 14, 
2019/10/14, 114, , 6, 16, 
2019/10/15, 118, , 5, 18, 
2019/10/16, 124, , 5, 18, 
2019/10/17, 132, , 5, 18, 
2019/10/18, 135, , 7, 14, 
2019/10/19, 124, , 8, 14, 
2019/10/20, 126, , 6, 16, 
2019/10/21, 136, , 7, 16, 
2019/10/22, 140, , 5, 18, 
2019/10/23, 140, , 3, 20, 
2019/10/24, 135, , 2, 19, 
2019/10/25, 137, , 6, 15, 
2019/10/26, 136, , 7, 16, 
2019/10/27, 131, , 9, 15, 
2019/10/28, 146, , 5, 21, 
2019/10/29, 165, , 10, 12, 
2019/10/30, 178, , 3, 4, 
2019/10/31, 58, , 5, 6, 
2019/11/1, 44, , 5, 5, 
2019/11/2, 62, , 1, 7, 
2019/11/3, 84, , 10, 4, 
2019/11/4, 53, , 10, 5, 
2019/11/5, 49, , 7, 8, 
2019/11/6, 66, , 6, 9, 
2019/11/7, 81, , 2, 9, 
2019/11/8, 100, 25, 4, 9, 
2019/11/9, 83, 21, 5, 8, 
2019/11/10, 73, 38, , 14, 
2019/11/11, 113, 35, 7, 7, 
2019/11/12, 105, 34, 8, 9, 
2019/11/13, 105, 40, , 10, 
2019/11/14, 122, 43, 1, 10, 
2019/7/1, 80, , 15, 8, 
2019/7/2, 87, , 16, 7, 
2019/7/3, 89, , 18, 5, 
2019/7/4, 81, , 17, 5, 
2019/7/5, 81, , 18, 3, 
2019/7/6, 73, , 18, 5, 
2019/7/7, 77, , 18, 3, 
2019/7/8, 62, , 16, 6, 
2019/7/9, 78, , 10, 3, 
2019/7/10, 56, , 13, 2, 
2019/7/11, 53, , 15, 4, 
2019/7/12, 60, , 14, 5, 
2019/7/13, 58, , 11, 2, 
2019/7/14, 54, , 13, 3, 
2019/7/15, 52, , 11, 5, 
2019/7/16, 52, , 14, 4, 
2019/7/17, 52, , 13, 5, 
2019/7/18, 61, , 14, 7, 
2019/7/19, 69, , 16, 6, 
2019/7/20, 64, , 18, 6, 
2019/7/21, 71, , 17, 5, 
2019/7/22, 80, , 15, 2, 
2019/7/23, 54, , 15, 4, 
2019/7/24, 55, , 14, 6, 
2019/7/25, 64, , 17, 6, 
2019/7/26, 70, , 20, 6, 
2019/7/27, 87, , 16, 4, 
2019/7/28, 72, , 13, 4, 
2019/7/29, 57, , 12, 3, 
2019/7/30, 55, , 15, 3, 
2019/7/31, 68, , 16, 5, 
2019/8/1, 75, , 18, 6, 
2019/8/2, 68, , 13, 3, 
2019/8/3, 57, , 14, 2, 
2019/8/4, 48, , 15, 3, 
2019/8/5, 55, , 16, 7, 
2019/8/6, 65, , 18, 8, 
2019/8/7, 73, , 19, 9, 
2019/8/8, 88, , 19, 7, 
2019/8/9, 100, , 20, 6, 
2019/8/10, 99, , 17, 5, 
2019/8/11, 84, , 16, 4, 
2019/8/12, 60, , 17, 4, 
2019/8/13, 63, , 18, 4, 
2019/8/14, 66, , 12, 2, 
2019/8/15, 53, , 14, 2, 
2019/8/16, 39, , 15, 2, 
2019/8/17, 58, , 16, 5, 
2019/8/18, 64, , 17, 9, 
2019/8/19, 74, , 15, 7, 
2019/8/20, 69, , 17, 7, 
2019/8/21, 69, , 18, 10, 
2019/8/22, 85, , 17, 8, 
2019/8/23, 85, , 17, 6, 
2019/8/24, 80, , 17, 4, 
2019/8/25, 80, , 15, 4, 
2019/8/26, 78, , 16, 6, 
2019/8/27, 71, , 17, 6, 
2019/8/28, 76, , 15, 7, 
2019/8/29, 82, , 15, 9, 
2019/8/30, 82, , 15, 7, 
2019/8/31, 89, , 15, 7, 
2019/9/1, 79, , 15, 8, 
2019/9/2, 74, , 16, 7, 
2019/9/3, 83, , 14, 3, 
2019/9/4, 94, , 15, 5, 
2019/9/5, 87, , 15, 4, 
2019/9/6, 84, , 15, 3, 
2019/9/7, 68, , 16, 4, 
2019/9/8, 69, , 13, 4, 
2019/9/9, 72, , 14, 6, 
2019/9/10, 85, , 13, 7, 
2019/9/11, 84, , 12, 7, 
2019/9/12, 85, , 13, 6, 
2019/9/13, 111, , 16, 7, 
2019/9/14, 100, , 16, 6, 
2019/9/15, 85, , 14, 8, 
2019/9/16, 98, , 13, 10, 
2019/9/17, 94, , 14, 9, 
2019/9/18, 100, , 9, 4, 
2019/9/19, 57, , 10, 5, 
2019/9/20, 49, , 10, 7, 
2019/9/21, 60, , 13, 10, 
2019/9/22, 75, , 7, 11, 
2019/9/23, 95, , 5, 11, 
2019/9/24, 90, , 5, 8, 
2019/9/25, 82, , 9, 5, 
2019/9/26, 69, , 10, 3, 
2019/9/27, 45, , 8, 10, 
2019/9/28, 70, , 11, 11, 
2019/9/29, 90, , 11, 11, 
2019/9/30, 87, , 12, 12, 
2019/4/1, 114, , 30, 14, 
2019/4/2, 100, , 30, 10, 
2019/4/3, 87, , 28, 12, 
2019/4/4, 95, , 27, 12, 
2019/4/5, 101, , 34, 9, 
2019/4/6, 102, , 29, 10, 
2019/4/7, 89, , 21, 15, 
2019/4/8, 111, , 15, 16, 
2019/4/9, 57, , 23, 18, 
2019/4/10, 86, , 26, 12, 
2019/4/11, 60, , 17, 20, 
2019/4/12, 77, , 18, 10, 
2019/4/13, 56, , 18, 6, 
2019/4/14, 25, , 22, 9, 
2019/4/15, 42, , 28, 11, 
2019/4/16, 71, , 35, 10, 
2019/4/17, 77, , 25, 10, 
2019/4/18, 64, , 29, 10, 
2019/4/19, 53, , 34, 11, 
2019/4/20, 64, , 36, 18, 
2019/4/21, 85, , 36, 17, 
2019/4/22, 86, , 30, 12, 
2019/4/23, 78, , 29, 12, 
2019/4/24, 80, , 24, 19, 
2019/4/25, 144, , 33, 14, 
2019/4/26, 156, , 25, 10, 
2019/4/27, 129, , 30, 6, 
2019/4/28, 41, , 30, 10, 
2019/4/29, 58, , 30, 7, 
2019/4/30, 55, , 30, 3, 
2019/5/1, 29, , 36, 5, 
2019/5/2, 57, , 41, 12, 
2019/5/3, 72, , 33, 8, 
2019/5/4, 65, , 23, 2, 
2019/5/5, 68, , 25, , 
2019/5/6, 55, , 19, , 
2019/5/7, 50, , 31, , 
2019/5/8, 68, , 22, 20, 
2019/5/9, 84, , 26, 7, 
2019/5/10, 52, , 29, 8, 
2019/5/11, 40, , 27, 11, 
2019/5/12, 54, , 27, 7, 
2019/5/13, 65, , 24, 8, 
2019/5/14, 75, , 13, 8, 
2019/5/15, 40, , 8, 7, 
2019/5/16, 51, , 8, 4, 
2019/5/17, 58, , 13, 7, 
2019/5/18, 68, , 13, 7, 
2019/5/19, 69, , 12, 7, 
2019/5/20, 73, , 13, 5, 
2019/5/21, 47, , 13, 5, 
2019/5/22, 51, , 13, 4, 
2019/5/23, 43, , 12, 2, 
2019/5/24, 57, , 13, 2, 
2019/5/25, 50, , 18, 7, 
2019/5/26, 66, , 11, 9, 
2019/5/27, 76, , 17, 5, 
2019/5/28, 79, , 14, 5, 
2019/5/29, 63, , 12, 3, 
2019/5/30, 49, , 9, 3, 
2019/5/31, 67, , 13, 3, 
2019/6/1, 61, , 10, 6, 
2019/6/2, 62, , 11, 6, 
2019/6/3, 41, , 12, 7, 
2019/6/4, 70, , 10, 7, 
2019/6/5, 68, , 10, 7, 
2019/6/6, 68, , 14, 7, 
2019/6/7, 77, , 13, 5, 
2019/6/8, 98, , 14, 2, 
2019/6/9, 91, , 14, 5, 
2019/6/10, 68, , 12, 5, 
2019/6/11, 60, , 14, 6, 
2019/6/12, 74, , 18, 9, 
2019/6/13, 92, , 15, 8, 
2019/6/14, 89, , 16, 7, 
2019/6/15, 87, , 18, 6, 
2019/6/16, 77, , 15, 6, 
2019/6/17, 80, , 14, 5, 
2019/6/18, 79, , 13, 6, 
2019/6/19, 78, , 12, 7, 
2019/6/20, 74, , 12, 7, 
2019/6/21, 85, , 16, 5, 
2019/6/22, 71, , 14, 5, 
2019/6/23, 67, , 9, 6, 
2019/6/24, 78, , 13, 5, 
2019/6/25, 66, , 13, 4, 
2019/6/26, 80, , 17, 5, 
2019/6/27, 85, , 13, 5, 
2019/6/28, 83, , 13, 2, 
2019/6/29, 44, , 13, 4, 
2019/6/30, 49, , 14, 9, 
2019/1/1, 111, , 16, 8, 
2019/1/2, 68, , 14, 7, 
2019/1/3, 63, , 16, 9, 
2019/1/4, 64, , 15, 7, 
2019/1/5, 90, , 16, 10, 
2019/1/6, 76, , 16, 6, 
2019/1/7, 61, , 16, 13, 
2019/1/8, 100, , 7, 24, 
2019/1/9, 118, , 5, 24, 
2019/1/10, 156, , 12, 10, 
2019/1/11, 74, , 18, 6, 
2019/1/12, 62, , 18, 15, 
2019/1/13, 107, , 9, 26, 
2019/1/14, 117, , 21, 7, 
2019/1/15, 40, , 22, 8, 
2019/1/16, 42, , 3, 44, 
2019/1/17, 167, , , 49, 
2019/1/18, 249, , 7, 39, 
2019/1/19, 205, , 11, 13, 
2019/1/20, 103, , 14, 15, 
2019/1/21, 108, , 9, 12, 
2019/1/22, 66, , 9, 14, 
2019/1/23, 67, , 14, 11, 
2019/1/24, 51, , 7, 14, 
2019/1/25, 71, , 12, 7, 
2019/1/26, 82, , 16, 20, 
2019/1/27, 124, , 4, 28, 
2019/1/28, 161, , , 32, 
2019/1/29, 162, , 7, 24, 
2019/1/30, 109, , 12, 18, 
2019/1/31, 83, , 16, 22, 
2019/2/1, 70, , 3, 26, 
2019/2/2, 150, , 8, 21, 
2019/2/3, 116, , 6, 20, 
2019/2/4, 125, , 9, 12, 
2019/2/5, 89, , 9, 12, 
2019/2/6, 41, , 10, 14, 
2019/2/7, 63, , 11, 15, 
2019/2/8, 85, , 16, 16, 
2019/2/9, 99, , 16, 24, 
2019/2/10, 136, , 8, 26, 
2019/2/11, 143, , 15, 7, 
2019/2/12, 35, , 17, 10, 
2019/2/13, 51, , 17, 8, 
2019/2/14, 69, , 14, 11, 
2019/2/15, 55, , 21, 11, 
2019/2/16, 70, , 23, 12, 
2019/2/17, 107, , 12, 33, 
2019/2/18, 158, , 10, 33, 
2019/2/19, 152, , 27, 21, 
2019/2/20, 142, , 25, 9, 
2019/2/21, 98, , 21, 14, 
2019/2/22, 96, , 21, 7, 
2019/2/23, 48, , 23, 8, 
2019/2/24, 65, , 19, 22, 
2019/2/25, 106, , 24, 9, 
2019/2/26, 88, , 18, 17, 
2019/2/27, 95, , 26, 8, 
2019/2/28, 63, , 28, 16, 
2019/3/1, 108, , 23, 12, 
2019/3/2, 91, , 22, 6, 
2019/3/3, 88, , 24, 13, 
2019/3/4, 88, , 26, 18, 
2019/3/5, 102, , 26, 17, 
2019/3/6, 79, , 20, 26, 
2019/3/7, 124, , 20, 25, 
2019/3/8, 124, , 28, 21, 
2019/3/9, 112, , 30, 7, 
2019/3/10, 66, , 25, 7, 
2019/3/11, 66, , 18, 9, 
2019/3/12, 42, , 24, 12, 
2019/3/13, 49, , 22, 12, 
2019/3/14, 90, , 26, 12, 
2019/3/15, 66, , 25, 11, 
2019/3/16, 81, , 26, 17, 
2019/3/17, 86, , 21, 24, 
2019/3/18, 119, , 26, 10, 
2019/3/19, 83, , 25, 10, 
2019/3/20, 96, , 19, 10, 
2019/3/21, 114, , 26, 18, 
2019/3/22, 108, , 32, 19, 
2019/3/23, 105, , 30, 14, 
2019/3/24, 102, , 24, 27, 
2019/3/25, 132, , 22, 12, 
2019/3/26, 100, , 30, 7, 
2019/3/27, 71, , 27, 13, 
2019/3/28, 85, , 29, 17, 
2019/3/29, 94, , 30, 16, 
2019/3/30, 109, , 31, 16, 
2019/3/31, 100, , 35, 20, 
2018/10/1, 53, 31, 18, 19, 
2018/10/2, 98, 26, 24, 7, 
2018/10/3, 85, 17, 26, 9, 
2018/10/4, 63, 26, 26, 16, 
2018/10/5, 86, 28, 26, 14, 
2018/10/6, 90, 30, 22, 15, 
2018/10/7, 96, 36, 21, 24, 
2018/10/8, 110, 35, 22, 22, 
2018/10/9, 108, 42, 22, 24, 
2018/10/10, 126, 43, 21, 22, 
2018/10/11, 128, 38, 24, 18, 
2018/10/12, 116, 28, 23, 16, 
2018/10/13, 92, 27, 22, 17, 
2018/10/14, 87, 36, 20, 19, 
2018/10/15, 111, 37, 22, 22, 
2018/10/16, 113, 50, 21, 26, 
2018/10/17, 140, 49, 22, 18, 
2018/10/18, 144, 52, 21, 20, 
2018/10/19, 147, 45, 22, 11, 
2018/10/20, 131, 39, 20, 9, 
2018/10/21, 117, 36, 16, 15, 
2018/10/22, 111, 37, 19, 16, 
2018/10/23, 113, 25, 20, 9, 
2018/10/24, 83, 9, 21, 5, 
2018/10/25, 42, 33, 17, 22, 
2018/10/26, 98, 43, 15, 25, 
2018/10/27, 121, 31, 19, 20, 
2018/10/28, 97, 44, 9, 26, 
2018/10/29, 124, 48, 5, 26, 
2018/10/30, 136, 41, 8, 24, 
2018/10/31, 121, 48, 5, 26, 
2018/11/1, 141, 47, 16, 15, 
2018/11/2, 131, 36, 14, 13, 
2018/11/3, 112, 23, 20, 10, 
2018/11/4, 78, 28, 18, 17, 
2018/11/5, 92, 40, 15, 18, 
2018/11/6, 122, 32, 13, 15, 
2018/11/7, 101, 39, 10, 20, 
2018/11/8, 118, 43, 10, 24, 
2018/11/9, 128, 48, 10, 24, 
2018/11/10, 139, 56, 10, 25, 
2018/11/11, 150, 70, 1, 37, 
2018/11/12, 172, 54, 10, 27, 
2018/11/13, 148, 50, 11, 18, 
2018/11/14, 140, 35, 16, 18, 
2018/11/15, 101, 20, 12, 16, 
2018/11/16, 70, 14, 17, 11, 
2018/11/17, 56, 15, 9, 8, 
2018/11/18, 59, , , , 
2018/11/20, 62, 13, 3, 11, 
2018/11/21, 50, 23, 3, 12, 
2018/11/22, 76, 48, 1, 15, 
2018/11/23, 138, 24, 4, 13, 
2018/11/24, 81, 47, 2, 17, 
2018/11/25, 138, 25, 7, 16, 
2018/11/26, 83, 22, 10, 20, 
2018/11/27, 72, 3, 12, 15, 
2018/11/28, 16, 11, 21, 21, 
2018/11/29, 44, 32, 26, 33, 
2018/11/30, 97, 89, 5, 66, 
2018/12/1, 201, 131, 4, 71, 
2018/12/2, 265, 141, , 61, 
2018/12/3, 288, 113, , 46, 
2018/12/4, 233, 43, 11, 16, 
2018/12/5, 106, 29, 14, 14, 
2018/12/6, 88, 67, 1, 31, 
2018/12/7, 169, 121, , 32, 
2018/12/8, 249, 42, 11, 14, 
2018/12/9, 112, 26, 9, 14, 
2018/12/10, 87, 9, 16, 8, 
2018/12/11, 37, 20, 15, 11, 
2018/12/12, 70, 51, 2, 27, 
2018/12/13, 135, 34, 4, 21, 
2018/12/14, 101, 15, 3, 16, 
2018/12/15, 60, 15, 9, 8, 
2018/12/16, 55, 31, 13, 16, 
2018/12/17, 98, 33, 10, 11, 
2018/12/18, 103, 39, 13, 13, 
2018/12/19, 115, 70, 3, 28, 
2018/12/20, 171, 87, , 37, 
2018/12/21, 195, 125, , 55, 
2018/12/22, 257, 49, 16, 22, 
2018/12/23, 118, 14, 17, 13, 
2018/12/24, 49, 11, 14, 5, 
2018/12/25, 45, 14, 14, 5, 
2018/12/26, 58, 17, 16, 6, 
2018/12/27, 62, 15, 17, 7, 
2018/12/28, 58, 14, 16, 5, 
2018/12/29, 58, 32, 15, 9, 
2018/12/30, 97, , , , 
2018/7/1, 58, 15, 26, 4, 
2018/7/2, 79, 31, 30, 11, 
2018/7/3, 99, 41, 29, 13, 
2018/7/4, 124, 21, 32, 8, 
2018/7/5, 74, 29, 30, 14, 
2018/7/6, 93, 27, 22, 10, 
2018/7/7, 88, 17, 24, 6, 
2018/7/8, 64, 15, 23, 6, 
2018/7/9, 60, 17, 21, 7, 
2018/7/10, 63, 22, 28, 10, 
2018/7/11, 76, 20, 30, 12, 
2018/7/12, 70, 30, 30, 11, 
2018/7/13, 96, 16, 30, 6, 
2018/7/14, 62, 17, 31, 8, 
2018/7/15, 64, 20, 32, 8, 
2018/7/16, 71, 25, 24, 13, 
2018/7/17, 82, 20, 31, 7, 
2018/7/18, 71, 15, 33, 7, 
2018/7/19, 61, 17, 51, 7, 
2018/7/20, 64, 21, 34, 10, 
2018/7/21, 74, 31, 32, 18, 
2018/7/22, 97, 24, 25, 12, 
2018/7/23, 81, 21, 22, 7, 
2018/7/24, 73, 18, 18, 7, 
2018/7/25, 66, 15, 22, 9, 
2018/7/26, 58, 19, 21, 11, 
2018/7/27, 69, 19, 27, 7, 
2018/7/28, 68, 27, 26, 7, 
2018/7/29, 88, 27, 22, 11, 
2018/7/30, 89, 20, 20, 12, 
2018/7/31, 71, 20, 24, 11, 
2018/8/1, 72, 22, 19, 14, 
2018/8/2, 76, 27, 26, 13, 
2018/8/3, 89, 27, 29, 12, 
2018/8/4, 88, 26, 33, 14, 
2018/8/5, 86, 25, 36, 14, 
2018/8/6, 83, 29, 30, 16, 
2018/8/7, 94, 30, 31, 14, 
2018/8/8, 96, 23, 26, 12, 
2018/8/9, 78, 19, 26, 10, 
2018/8/10, 70, 16, 30, 8, 
2018/8/11, 61, 19, 30, 11, 
2018/8/12, 69, 25, 32, 14, 
2018/8/13, 84, 26, 31, 14, 
2018/8/14, 87, 26, 31, 15, 
2018/8/15, 86, 26, 30, 16, 
2018/8/16, 86, 30, 30, 19, 
2018/8/17, 97, 31, 34, 14, 
2018/8/18, 99, 28, 30, 14, 
2018/8/19, 89, 31, 25, 21, 
2018/8/20, 99, 30, 29, 18, 
2018/8/21, 94, 28, 31, 16, 
2018/8/22, 91, 24, 33, 15, 
2018/8/23, 80, 22, 31, 11, 
2018/8/24, 75, 30, 32, 13, 
2018/8/25, 94, 29, 32, 12, 
2018/8/26, 94, 25, 13, 8, 
2018/8/27, 83, 17, 19, 6, 
2018/8/28, 65, 25, 31, 9, 
2018/8/29, 82, 28, 36, 17, 
2018/8/30, 91, 28, 32, 15, 
2018/8/31, 89, 31, 34, 14, 
2018/9/1, 98, 30, 33, 14, 
2018/9/2, 95, 36, 26, 15, 
2018/9/3, 110, 26, 26, 10, 
2018/9/4, 86, 13, 27, 6, 
2018/9/5, 52, 21, 27, 6, 
2018/9/6, 73, 26, 30, 12, 
2018/9/7, 86, 27, 29, 12, 
2018/9/8, 89, 22, 29, 7, 
2018/9/9, 75, 24, 30, 8, 
2018/9/10, 80, 20, 29, 9, 
2018/9/11, 72, 23, 29, 14, 
2018/9/12, 78, 28, 25, 17, 
2018/9/13, 91, 28, 29, 19, 
2018/9/14, 91, 25, 31, 15, 
2018/9/15, 84, 17, 27, 6, 
2018/9/16, 64, 27, 27, 14, 
2018/9/17, 89, 25, 27, 13, 
2018/9/18, 83, 23, 26, 14, 
2018/9/19, 78, 24, 26, 18, 
2018/9/20, 82, 27, 23, 17, 
2018/9/21, 87, 28, 30, 18, 
2018/9/22, 90, 46, 34, 12, 
2018/9/23, 135, 33, 24, 11, 
2018/9/24, 105, 9, 21, 5, 
2018/9/25, 41, 14, 19, 13, 
2018/9/26, 57, 26, 23, 18, 
2018/9/27, 86, 27, 25, 20, 
2018/9/28, 88, 30, 30, 14, 
2018/9/29, 95, 33, 23, 9, 
2018/9/30, 103, 13, 16, 12, 
2018/5/15, 79, 24, 24, 13, 
2018/5/16, 52, 14, 33, 7, 
2018/5/17, 62, 16, 29, 9, 
2018/5/18, 76, 22, 30, 11, 
2018/5/19, 63, 16, 29, 8, 
2018/5/20, 78, 23, 35, 8, 
2018/5/21, 76, 22, 25, 13, 
2018/5/22, 63, 17, 31, 8, 
2018/5/23, 79, 23, 27, 12, 
2018/5/24, 85, 26, 23, 12, 
2018/5/25, 77, 22, 30, 11, 
2018/5/26, 68, 19, 35, 8, 
2018/5/27, 71, 20, 30, 9, 
2018/5/28, 84, 25, 28, 11, 
2018/5/29, 79, 23, 31, 11, 
2018/5/30, 88, 27, 30, 12, 
2018/5/31, 72, 20, 31, 13, 
2018/6/1, 86, 26, 35, 17, 
2018/6/2, 90, 28, 38, 12, 
2018/6/3, 97, 30, 31, 11, 
2018/6/4, 70, 20, 34, 8, 
2018/6/5, 80, 24, 36, 12, 
2018/6/6, 103, 33, 26, 17, 
2018/6/7, 94, 29, 28, 14, 
2018/6/8, 90, 28, 35, 12, 
2018/6/9, 115, 38, 27, 10, 
2018/6/10, 75, 21, 30, 8, 
2018/6/11, 73, 21, 30, 11, 
2018/6/12, 115, 37, 32, 14, 
2018/6/13, 123, 41, 24, 16, 
2018/6/14, 72, 20, 21, 13, 
2018/6/15, 72, 20, 22, 12, 
2018/6/16, 66, 18, 17, 10, 
2018/6/17, 64, 17, 24, 10, 
2018/6/18, 68, 19, 25, 10, 
2018/6/19, 70, 19, 25, 11, 
2018/6/20, 84, 25, 32, 11, 
2018/6/21, 104, 33, 27, 18, 
2018/6/22, 97, 31, 24, 14, 
2018/6/23, 35, 8, 21, 3, 
2018/6/24, 45, 10, 26, 5, 
2018/6/25, 71, 20, 23, 10, 
2018/6/26, 70, 19, 23, 13, 
2018/6/27, 48, 11, 21, 13, 
2018/6/28, 46, 10, 15, 11, 
2018/6/29, 42, 9, 17, 6, 
2018/6/30, 52, 12, 30, 4, 
2026/3/1, , 21, 9, 27, 
2026/3/2, , 51, 24, 17, 
2026/3/3, , 44, 14, 23, 
2026/3/4, , 47, 21, 13, 
2026/3/5, , 39, 29, 11, 
2026/3/6, , 38, 24, 15, 
2026/3/7, , 38, 23, 9, 
2026/3/8, , 27, 23, 6, 
2026/3/9, , 14, 23, 7, 
2026/3/10, , 17, 19, 15, 
2026/3/11, , 26, 23, 17, 
2026/3/12, , 33, 24, 11, 
2026/3/13, , 33, 27, 10, 
2026/3/14, , 28, 28, 7, 
2026/3/15, , 32, 26, 14, 
2026/3/16, , 36, 25, 10, 
2026/3/17, , 41, 23, 6, 
2026/3/18, , 42, 19, 7, 
2026/3/19, , 30, 20, 7, 
2026/3/20, , 20, 18, 13, 
2026/3/21, , 25, 17, 5, 
2026/3/22, , 16, 18, 5, 
2026/3/23, , 12, 17, 11, 
2026/3/24, , 21, 30, 14, 
2026/3/25, , 33, , , 
2026/2/12, , 28, 19, 14, 
2026/2/13, , 30, 18, 14, 
2026/2/14, , 30, 15, 13, 
2026/2/15, , 29, 13, 12, 
2026/2/16, , 22, 15, 10, 
2026/2/17, , 22, 21, 4, 
2026/2/18, , 10, 15, 15, 
2026/2/19, , 19, 24, 15, 
2026/2/20, , 27, , , 
2026/2/23, , 25, 19, 11, 
2026/2/24, , 23, 21, 5, 
2026/2/25, , 11, 22, 8, 
2026/2/26, , 17, 16, 18, 
2026/2/27, , 36, 14, 11, 
2026/2/28, , 34, 21, 15, 
2026/1/1, , 19, 24, 14, 
2026/1/2, , 35, 28, 3, 
2026/1/3, , 10, 25, 5, 
2026/1/4, , 10, 24, 17, 
2026/1/5, , 22, 9, 19, 
2026/1/6, , 29, 5, 21, 
2026/1/7, , 25, 51, 5, 
2026/1/8, , 30, 23, 15, 
2026/1/9, , 17, 12, 21, 
2026/1/10, , 31, 23, 4, 
2026/1/11, , 15, 23, 4, 
2026/1/12, , 12, 14, 18, 
2026/1/13, , 23, 17, 12, 
2026/1/14, , 22, 7, 20, 
2026/1/15, , 20, 9, 19, 
2026/1/16, , 36, 18, 6, 
2026/1/17, , 13, , , 
2026/1/19, , 25, 18, 15, 
2026/1/20, , 31, 18, 12, 
2026/1/21, , 28, 13, 16, 
2026/1/22, , 36, 3, 20, 
2026/1/23, , 51, , , 
2026/1/25, , 40, 8, 15, 
2026/1/26, , 21, 16, 8, 
2026/1/27, , 10, 5, 18, 
2026/1/28, , 34, 10, 20, 
2026/1/29, , 22, , , 
2025/10/1, , 15, 9, 5, 
2025/10/2, , 10, 11, 3, 
2025/10/3, , 3, 9, 3, 
2025/10/4, , 5, 13, 9, 
2025/10/5, , 16, 12, 9, 
2025/10/6, , 18, 15, 8, 
2025/10/7, , 12, 11, 3, 
2025/10/8, , 10, 9, 2, 
2025/10/9, , 13, 9, 1, 
2025/10/10, , 14, 8, 1, 
2025/10/11, , 12, 17, 2, 
2025/10/12, , 20, 16, 6, 
2025/10/13, , 20, 16, 6, 
2025/10/14, , 18, 16, 9, 
2025/10/15, , 22, 18, 11, 
2025/10/16, , 32, 14, 5, 
2025/10/17, , 23, 6, 4, 
2025/10/18, , 20, 12, 3, 
2025/10/19, , 15, 7, 12, 
2025/10/20, , 23, 14, 10, 
2025/10/21, , 30, 4, 9, 
2025/10/22, , 36, 10, 10, 
2025/10/23, , 33, 21, 7, 
2025/10/24, , 19, 12, 11, 
2025/10/25, , 19, 6, 11, 
2025/10/26, , 23, 15, 6, 
2025/10/27, , 13, 18, 8, 
2025/10/28, , 16, 5, 15, 
2025/10/29, , 30, 6, 14, 
2025/10/30, , 41, 5, 14, 
2025/10/31, , 52, 5, 9, 
2025/11/1, , 46, 10, 10, 
2025/11/2, , 33, 7, 16, 
2025/11/3, , 42, 14, 4, 
2025/11/4, , 16, 11, 8, 
2025/11/5, , 19, 13, 9, 
2025/11/6, , 14, 12, 9, 
2025/11/7, , 17, 3, 5, 
2025/11/8, , 23, 4, 10, 
2025/11/9, , 30, 4, 9, 
2025/11/10, , 25, 14, 6, 
2025/11/11, , 14, 8, 12, 
2025/11/12, , 24, 2, 14, 
2025/11/13, , 49, 1, 12, 
2025/11/14, , 57, 2, 10, 
2025/11/15, , 56, 2, 10, 
2025/11/16, , 62, 15, 11, 
2025/11/17, , 49, 21, 8, 
2025/11/18, , 22, 11, 9, 
2025/11/19, , 15, 20, 7, 
2025/11/20, , 13, 20, 9, 
2025/11/21, , 13, 14, 9, 
2025/11/22, , 16, 9, 3, 
2025/11/23, , 11, 7, 13, 
2025/11/24, , 21, 4, 17, 
2025/11/25, , 35, 4, 11, 
2025/11/26, , 34, 2, 5, 
2025/11/27, , 23, 3, 5, 
2025/11/28, , 10, 5, 4, 
2025/11/29, , 12, 11, 4, 
2025/11/30, , 10, 10, 7, 
2025/12/1, , 12, 2, 18, 
2025/12/2, , 46, 12, 14, 
2025/12/3, , 43, 16, 8, 
2025/12/4, , 29, 14, 10, 
2025/12/5, , 21, 13, 6, 
2025/12/6, , 8, 11, 6, 
2025/12/7, , 9, 14, 5, 
2025/12/8, , 10, 19, 12, 
2025/12/9, , 24, 1, 24, 
2025/12/10, , 75, 18, 19, 
2025/12/11, , 68, 17, 6, 
2025/12/12, , 35, 1, 21, 
2025/12/13, , 75, 12, 9, 
2025/12/14, , 31, 10, 21, 
2025/12/15, , 50, 1, 27, 
2025/12/16, , 77, 1, 29, 
2025/12/17, , 80, 1, 35, 
2025/12/18, , 109, 1, 35, 
2025/12/19, , 109, 3, 24, 
2025/12/20, , 70, 7, 17, 
2025/12/21, , 50, 1, 18, 
2025/12/22, , 56, 8, 16, 
2025/12/23, , 40, 12, 7, 
2025/12/24, , 16, 9, 5, 
2025/12/25, , 6, 13, 4, 
2025/12/26, , 10, 13, 5, 
2025/12/27, , 14, 20, 4, 
2025/12/28, , 13, , , 
2025/7/1, , 17, 26, 6, 
2025/7/2, , 20, 26, 8, 
2025/7/3, , 25, 31, 11, 
2025/7/4, , 38, 31, 7, 
2025/7/5, , 36, 27, 9, 
2025/7/6, , 46, 41, 9, 
2025/7/7, , 30, 34, 9, 
2025/7/8, , 30, 24, 5, 
2025/7/9, , 25, 22, 2, 
2025/7/10, , 13, 29, 3, 
2025/7/11, , 13, , , 
2025/7/14, , 24, 30, 10, 
2025/7/15, , 32, 33, 6, 
2025/7/16, , 21, 35, 6, 
2025/7/17, , 28, 25, 3, 
2025/7/18, , 11, 28, 5, 
2025/7/19, , 13, 17, 5, 
2025/7/20, , 21, 29, 8, 
2025/7/21, , 27, 29, 7, 
2025/7/22, , 35, 29, 6, 
2025/7/23, , 29, 37, 6, 
2025/7/24, , 31, 35, 10, 
2025/7/25, , 32, 33, 8, 
2025/7/26, , 28, 18, 1, 
2025/7/27, , 29, 32, 3, 
2025/7/28, , 25, 30, 3, 
2025/7/29, , 18, 24, 2, 
2025/7/30, , 19, 18, 5, 
2025/7/31, , 22, 26, 6, 
2025/8/1, , 18, 33, 6, 
2025/8/2, , 16, 36, 4, 
2025/8/3, , 16, 27, 3, 
2025/8/4, , 23, , , 
2025/8/6, , 17, 16, 2, 
2025/8/7, , 17, 16, 4, 
2025/8/8, , 21, 17, 5, 
2025/8/9, , 24, 15, 3, 
2025/8/10, , 23, 17, 5, 
2025/8/11, , 24, 17, 3, 
2025/8/12, , 25, 17, 2, 
2025/8/13, , 27, , , 
2025/8/18, , 19, 26, 5, 
2025/8/19, , 19, 33, 9, 
2025/8/20, , 19, 35, 10, 
2025/8/21, , 22, 29, 6, 
2025/8/22, , 26, 27, 2, 
2025/8/23, , 13, 28, 4, 
2025/8/24, , 11, 25, 6, 
2025/8/25, , 14, 29, 12, 
2025/8/26, , 14, 36, 15, 
2025/8/27, , 17, 35, 7, 
2025/8/28, , 15, 38, 6, 
2025/8/29, , 15, , , 
2025/8/31, , 9, 26, 4, 
2025/9/1, , 7, 37, 13, 
2025/9/2, , 19, 37, 11, 
2025/9/3, , 22, 31, 4, 
2025/9/4, , 17, 33, 9, 
2025/9/5, , 21, 17, 6, 
2025/9/6, , 20, 25, 6, 
2025/9/7, , 24, 34, 9, 
2025/9/8, , 25, 24, 12, 
2025/9/9, , 29, 38, 12, 
2025/9/10, , 35, 22, 14, 
2025/9/11, , 42, 28, 6, 
2025/9/12, , 16, 28, 4, 
2025/9/13, , 19, 26, 3, 
2025/9/14, , 16, 25, 5, 
2025/9/15, , 16, 26, 17, 
2025/9/16, , 23, 21, 7, 
2025/9/17, , 21, 23, 3, 
2025/9/18, , 13, 21, 10, 
2025/9/19, , 17, 17, 11, 
2025/9/20, , 20, 23, 3, 
2025/9/21, , 13, 18, 2, 
2025/9/22, , 14, 21, 10, 
2025/9/23, , 21, 29, 12, 
2025/9/24, , 28, 24, 6, 
2025/9/25, , 23, 19, 5, 
2025/9/26, , 21, 14, 4, 
2025/9/27, , 14, 17, 4, 
2025/9/28, , 14, 13, 8, 
2025/9/29, , 17, 17, 4, 
2025/9/30, , 17, 13, 5, 
2025/4/1, , 12, 14, 8, 
2025/4/2, , 6, 18, 5, 
2025/4/3, , 14, 15, 9, 
2025/4/4, , 21, 11, 4, 
2025/4/5, , 20, 22, 4, 
2025/4/6, , 17, 21, 5, 
2025/4/7, , 11, 20, 4, 
2025/4/8, , 17, 19, 6, 
2025/4/9, , 19, 19, 5, 
2025/4/10, , 24, 19, 3, 
2025/4/11, , 15, 17, 4, 
2025/4/12, , 17, 23, 9, 
2025/4/13, , 22, 7, 15, 
2025/4/14, , 25, , , 
2025/5/19, , 10, 26, 7, 
2025/5/20, , 9, 23, 14, 
2025/5/21, , 18, 17, 14, 
2025/5/22, , 20, 29, 10, 
2025/5/23, , 16, 19, 4, 
2025/5/24, , 16, 18, 3, 
2025/5/25, , 9, 24, 3, 
2025/5/26, , 8, 25, 4, 
2025/5/27, , 11, 26, 4, 
2025/5/28, , 12, 21, 7, 
2025/5/29, , 20, 18, 5, 
2025/5/30, , 12, , , 
2025/6/1, , 17, 29, 15, 
2025/6/2, , 22, 23, 13, 
2025/6/3, , 25, 19, 9, 
2025/6/4, , 33, 22, 11, 
2025/6/5, , 37, 30, 13, 
2025/6/6, , 39, , , 
2025/6/8, , 25, 15, 3, 
2025/6/9, , 32, 23, 5, 
2025/6/10, , 25, 30, 5, 
2025/6/11, , 29, 18, 4, 
2025/6/12, , 28, 27, 5, 
2025/6/13, , 21, 28, 5, 
2025/6/14, , 22, 25, 6, 
2025/6/15, , 19, 33, 7, 
2025/6/16, , 26, 36, 10, 
2025/6/17, , 26, 27, 6, 
2025/6/18, , 30, 28, 5, 
2025/6/19, , 35, 28, 5, 
2025/6/20, , 31, 28, 6, 
2025/6/21, , 21, 16, 3, 
2025/6/22, , 20, 32, 8, 
2025/6/23, , 21, 34, 13, 
2025/6/24, , 30, 22, 8, 
2025/6/25, , 35, 42, 11, 
2025/6/26, , 35, 37, 14, 
2025/6/27, , 47, 22, 4, 
2025/6/28, , 18, 14, 2, 
2025/6/29, , 13, 26, 11, 
2025/6/30, , 20, 29, 6, 
2025/1/1, , 82, , 13, 
2025/1/2, , 66, 6, 12, 
2025/1/3, , 42, 9, 3, 
2025/1/4, , 12, 4, 11, 
2025/1/5, , 39, , 16, 
2025/1/6, , 71, , 18, 
2025/1/7, , 104, 1, 16, 
2025/1/8, , 75, 5, 11, 
2025/1/9, , 27, 14, 13, 
2025/1/10, , 34, 15, 7, 
2025/1/11, , 10, 18, 7, 
2025/1/12, , 16, 6, 6, 
2025/1/13, , 16, 6, 6, 
2025/1/14, , 14, 5, 6, 
2025/1/15, , 24, 4, 9, 
2025/1/16, , 47, 3, 11, 
2025/1/17, , 59, 3, 5, 
2025/1/18, , 39, 2, 9, 
2025/1/19, , 61, , 17, 
2025/1/20, , 80, , 19, 
2025/1/21, , 84, 1, 14, 
2025/1/22, , 64, 2, 12, 
2025/1/23, , 56, 12, 18, 
2025/1/24, , 55, 10, 15, 
2025/1/25, , 31, 5, 21, 
2025/1/26, , 47, , 14, 
2025/1/27, , 67, 2, 13, 
2025/1/28, , 59, 2, 13, 
2025/1/29, , 54, 2, 11, 
2025/1/30, , 56, , 11, 
2025/1/31, , 64, 7, 9, 
2025/2/1, , 47, 4, 7, 
2025/2/2, , 33, 8, 4, 
2025/2/3, , 31, 7, 5, 
2025/2/4, , 20, 9, 4, 
2025/2/5, , 31, 8, 4, 
2025/2/6, , 39, 8, 5, 
2025/2/7, , 25, 7, 5, 
2025/2/8, , 30, 8, 4, 
2025/2/9, , 27, 4, 10, 
2025/2/10, , 43, 11, 9, 
2025/2/11, , 46, 9, 7, 
2025/2/12, , 19, 9, 7, 
2025/2/13, , 33, 5, 10, 
2025/2/14, , 49, 5, 6, 
2025/2/15, , 39, 4, 7, 
2025/2/16, , 43, 12, 9, 
2025/2/17, , 15, 16, 8, 
2025/2/18, , 19, 10, 5, 
2025/2/19, , 23, 14, 17, 
2025/2/20, , 45, 24, 16, 
2025/2/21, , 37, 19, 11, 
2025/2/22, , 28, 10, 6, 
2025/2/23, , 37, 10, 11, 
2025/2/24, , 61, 6, 13, 
2025/2/25, , 68, 6, 10, 
2025/2/26, , 57, 7, 10, 
2025/2/27, , 45, , , 
2025/3/4, , 34, 14, 16, 
2025/3/5, , 47, 13, 22, 
2025/3/6, , 54, 15, 17, 
2025/3/7, , 42, 15, 7, 
2025/3/8, , 28, 25, 15, 
2025/3/9, , 28, 27, 21, 
2025/3/10, , 35, 23, 15, 
2025/3/11, , 40, 27, 9, 
2025/3/12, , 43, 25, 4, 
2025/3/13, , 50, 24, 9, 
2025/3/14, , 31, 21, 2, 
2025/3/15, , 21, 12, 6, 
2025/3/16, , 50, 15, 4, 
2025/3/17, , 23, 19, 3, 
2025/3/18, , 10, 17, 4, 
2025/3/19, , 13, 13, 10, 
2025/3/20, , 26, 15, 16, 
2025/3/21, , 32, 15, 12, 
2025/3/22, , 38, 15, 6, 
2025/3/23, , 30, 24, 13, 
2025/3/24, , 30, 21, 5, 
2025/3/25, , 23, 10, 14, 
2025/3/26, , 36, 22, 10, 
2025/3/27, , 33, 23, 9, 
2025/3/28, , 22, 13, 4, 
2025/3/29, , 17, 8, 3, 
2025/3/30, , 11, 11, 7, 
2025/3/31, , 15, 7, 7, 
2024/10/1, , 9, 14, 19, 
2024/10/2, , 21, 8, 11, 
2024/10/3, , 25, 18, 11, 
2024/10/4, , 32, 9, 10, 
2024/10/5, , 23, 6, 5, 
2024/10/6, , 9, 17, 9, 
2024/10/7, , 10, 11, 18, 
2024/10/8, , 23, 4, 20, 
2024/10/9, , 34, 11, 11, 
2024/10/10, , 29, 8, 13, 
2024/10/11, , 35, 17, 3, 
2024/10/12, , 13, 5, 6, 
2024/10/13, , 22, 14, 9, 
2024/10/14, , 23, 12, 12, 
2024/10/15, , 24, 16, 10, 
2024/10/16, , 19, 17, 12, 
2024/10/17, , 21, 15, 15, 
2024/10/18, , 19, 20, 11, 
2024/10/19, , 18, 20, 11, 
2024/10/20, , 20, 6, 15, 
2024/10/21, , 39, 6, 22, 
2024/10/22, , 45, 3, 24, 
2024/10/23, , 48, 19, 17, 
2024/10/24, , 36, 14, 22, 
2024/10/25, , 40, 9, 22, 
2024/10/26, , 39, 7, 12, 
2024/10/27, , 37, 8, 23, 
2024/10/28, , 51, 14, 12, 
2024/10/29, , 52, 14, 15, 
2024/10/30, , 42, 18, 13, 
2024/10/31, , 38, 13, 11, 
2024/11/1, , 35, 20, 12, 
2024/11/2, , 33, 11, 8, 
2024/11/3, , 29, 14, 7, 
2024/11/4, , 23, 14, 10, 
2024/11/5, , 27, 7, 23, 
2024/11/6, , 41, 13, 18, 
2024/11/7, , 37, 3, 25, 
2024/11/8, , 43, 15, 15, 
2024/11/9, , 41, 14, 7, 
2024/11/10, , 28, 8, 10, 
2024/11/11, , 11, 4, 11, 
2024/11/12, , 16, 1, 7, 
2024/11/13, , 17, 4, 6, 
2024/11/14, , 12, 11, 4, 
2024/11/15, , 14, 9, 8, 
2024/11/16, , 14, 5, 15, 
2024/11/17, , 38, 8, 13, 
2024/11/18, , 48, 3, 22, 
2024/11/19, , 48, 21, 12, 
2024/11/20, , 30, 16, 7, 
2024/11/21, , 13, 10, 15, 
2024/11/22, , 23, 17, 4, 
2024/11/23, , 7, 14, 12, 
2024/11/24, , 27, 2, 20, 
2024/11/25, , 57, 17, 23, 
2024/11/26, , 46, 16, 12, 
2024/11/27, , 25, 4, 22, 
2024/11/28, , 54, 10, 13, 
2024/11/29, , 34, 8, 9, 
2024/11/30, , 11, 5, 4, 
2024/12/1, , 7, 3, 5, 
2024/12/2, , 6, 4, 7, 
2024/12/3, , 12, 2, 7, 
2024/12/4, , 25, 4, 5, 
2024/12/5, , 25, 6, 11, 
2024/12/6, , 21, 14, 8, 
2024/12/7, , 12, 15, 10, 
2024/12/8, , 21, 2, 10, 
2024/12/9, , 28, 5, 8, 
2024/12/10, , 34, 3, 4, 
2024/12/11, , 17, 11, 5, 
2024/12/12, , 13, 11, 9, 
2024/12/13, , 23, 4, 14, 
2024/12/14, , 40, 6, 5, 
2024/12/15, , 23, 18, 4, 
2024/12/16, , 9, 4, 18, 
2024/12/17, , 37, 8, 22, 
2024/12/18, , 42, 2, 25, 
2024/12/19, , 63, 1, 25, 
2024/12/20, , 74, 6, 5, 
2024/12/21, , 20, 7, 6, 
2024/12/22, , 28, 6, 8, 
2024/12/23, , 41, 4, 3, 
2024/12/24, , 11, 4, 3, 
2024/12/25, , 5, 5, 3, 
2024/12/26, , 4, 7, 4, 
2024/12/27, , 18, 6, 5, 
2024/12/28, , 32, 8, 5, 
2024/12/29, , 32, , , 
2024/7/1, , 30, 30, 7, 
2024/7/2, , 28, 22, 2, 
2024/7/3, , 13, 17, 2, 
2024/7/4, , 12, 13, 2, 
2024/7/5, , 27, 37, 5, 
2024/7/6, , 15, 29, 3, 
2024/7/7, , 12, 26, 8, 
2024/7/8, , 19, 39, 8, 
2024/7/9, , 26, 23, 7, 
2024/7/10, , 29, 32, 10, 
2024/7/11, , 34, 35, 10, 
2024/7/12, , 31, 32, 7, 
2024/7/13, , 29, 45, 7, 
2024/7/14, , 26, 33, 11, 
2024/7/15, , 27, 40, 11, 
2024/7/16, , 29, 37, 9, 
2024/7/17, , 27, 42, 10, 
2024/7/18, , 35, 48, 8, 
2024/7/19, , 23, 48, 10, 
2024/7/20, , 30, 38, 7, 
2024/7/21, , 27, 37, 5, 
2024/7/22, , 34, 30, 7, 
2024/7/23, , 26, 23, 6, 
2024/7/24, , 21, 33, 3, 
2024/7/25, , 13, 32, 4, 
2024/7/26, , 13, 39, 5, 
2024/7/27, , 13, 25, 5, 
2024/7/28, , 18, 34, 4, 
2024/7/29, , 17, 27, 3, 
2024/7/30, , 17, 27, 7, 
2024/7/31, , 20, 40, 8, 
2024/8/1, , 24, 32, 7, 
2024/8/2, , 30, 27, 5, 
2024/8/3, , 31, 17, 1, 
2024/8/4, , 14, 26, 4, 
2024/8/5, , 16, 28, 5, 
2024/8/6, , 23, 28, 5, 
2024/8/7, , 14, 29, 8, 
2024/8/8, , 14, 32, 8, 
2024/8/9, , 19, 26, 3, 
2024/8/10, , 16, 29, 5, 
2024/8/11, , 17, 48, 14, 
2024/8/12, , 21, 48, 11, 
2024/8/13, , 23, 33, 8, 
2024/8/14, , 18, 31, 6, 
2024/8/15, , 27, 27, 12, 
2024/8/16, , 37, 20, 6, 
2024/8/17, , 30, 19, 2, 
2024/8/18, , 20, 35, 10, 
2024/8/19, , 30, 21, 12, 
2024/8/20, , 22, 25, 12, 
2024/8/21, , 24, 32, 7, 
2024/8/22, , 24, 35, 11, 
2024/8/23, , 19, 42, 12, 
2024/8/24, , 25, 18, 6, 
2024/8/25, , 26, 32, 11, 
2024/8/26, , 29, 27, 9, 
2024/8/27, , 33, 35, 8, 
2024/8/28, , 27, 29, 9, 
2024/8/29, , 34, 25, 9, 
2024/8/30, , 22, 14, 5, 
2024/8/31, , 28, 14, 6, 
2024/9/1, , 35, 30, 12, 
2024/9/2, , 37, 25, 19, 
2024/9/3, , 44, 33, 17, 
2024/9/4, , 36, 35, 12, 
2024/9/5, , 47, 31, 12, 
2024/9/6, , 45, 29, 7, 
2024/9/7, , 26, 16, 2, 
2024/9/8, , 22, 30, 6, 
2024/9/9, , 25, 15, 6, 
2024/9/10, , 25, 12, 4, 
2024/9/11, , 12, 24, 7, 
2024/9/12, , 16, 9, 14, 
2024/9/13, , 25, 14, 7, 
2024/9/14, , 14, 7, 3, 
2024/9/15, , 11, 13, 5, 
2024/9/16, , 6, 16, 9, 
2024/9/17, , 16, 12, 12, 
2024/9/18, , 20, 17, 13, 
2024/9/19, , 26, 10, 7, 
2024/9/20, , 16, 18, 9, 
2024/9/21, , 25, 24, 11, 
2024/9/22, , 30, 14, 9, 
2024/9/23, , 32, 27, 13, 
2024/9/24, , 24, 26, 12, 
2024/9/25, , 22, 22, 13, 
2024/9/26, , 19, 24, 20, 
2024/9/27, , 24, 28, 21, 
2024/9/28, , 32, 14, 8, 
2024/9/29, , 17, 21, 3, 
2024/9/30, , 8, 23, 4, 
2024/4/1, , 69, 15, 1, 
2024/4/2, , 21, 13, 5, 
2024/4/3, , 14, 15, 5, 
2024/4/4, , 19, 14, 7, 
2024/4/5, , 20, 14, 7, 
2024/4/6, , 23, 14, 2, 
2024/4/7, , 15, 14, 5, 
2024/4/8, , 15, 15, 7, 
2024/4/9, , 20, 16, 6, 
2024/4/10, , 23, 15, 5, 
2024/4/11, , 24, 16, 7, 
2024/4/12, , 35, 13, 3, 
2024/4/13, , 34, 14, 3, 
2024/4/14, , 18, 16, 6, 
2024/4/15, , 18, 12, 5, 
2024/4/16, , 41, 18, 5, 
2024/4/17, , 16, 14, 3, 
2024/4/18, , 9, 20, 5, 
2024/4/19, , 13, 13, 2, 
2024/4/20, , 15, 8, 3, 
2024/4/21, , 14, 11, 3, 
2024/4/22, , 10, 9, 5, 
2024/4/23, , 14, 11, 3, 
2024/4/24, , 16, 9, 3, 
2024/4/25, , 15, 12, 4, 
2024/4/26, , 15, 12, 5, 
2024/4/27, , 20, 13, 3, 
2024/4/28, , 15, 14, 5, 
2024/4/29, , 18, 12, 3, 
2024/4/30, , 11, 11, 2, 
2024/5/1, , 10, 11, 3, 
2024/5/2, , 20, 11, 2, 
2024/5/3, , 12, 10, 2, 
2024/5/4, , 12, 13, 3, 
2024/5/5, , 17, 12, 3, 
2024/5/6, , 20, 12, 5, 
2024/5/7, , 23, 9, 5, 
2024/5/8, , 21, 8, 4, 
2024/5/9, , 16, 13, 7, 
2024/5/10, , 9, 26, 8, 
2024/5/11, , 17, 24, 7, 
2024/5/12, , 17, 11, 3, 
2024/5/13, , 11, 9, 3, 
2024/5/14, , 17, 7, 4, 
2024/5/15, , 12, 8, 4, 
2024/5/16, , 17, 9, 3, 
2024/5/17, , 19, 13, 4, 
2024/5/18, , 31, 6, 3, 
2024/5/19, , 23, 8, 3, 
2024/5/20, , 16, 11, 3, 
2024/5/21, , 23, 9, 5, 
2024/5/22, , 32, 12, 3, 
2024/5/23, , 17, 12, 2, 
2024/5/24, , 14, 14, 3, 
2024/5/25, , 21, 13, 2, 
2024/5/26, , 21, 27, 6, 
2024/5/27, , 24, 16, 8, 
2024/5/28, , 19, 18, 6, 
2024/5/29, , 21, 12, 4, 
2024/5/30, , 20, 12, 4, 
2024/5/31, , 19, 11, 4, 
2024/6/1, , 21, 11, 5, 
2024/6/2, , 22, 9, 6, 
2024/6/3, , 27, 13, 4, 
2024/6/4, , 37, 30, 4, 
2024/6/5, , 23, 33, 6, 
2024/6/6, , 13, 41, 11, 
2024/6/7, , 24, 18, 5, 
2024/6/8, , 27, 17, 5, 
2024/6/9, , 30, 31, 9, 
2024/6/10, , 51, 29, 8, 
2024/6/11, , 34, 30, 10, 
2024/6/12, , 35, 27, 4, 
2024/6/13, , 36, 19, 3, 
2024/6/14, , 17, 30, 3, 
2024/6/15, , 12, 29, 8, 
2024/6/16, , 18, 34, 10, 
2024/6/17, , 26, 35, 9, 
2024/6/18, , 26, 38, 10, 
2024/6/19, , 24, 34, 10, 
2024/6/20, , 44, 28, 6, 
2024/6/21, , 54, 33, 7, 
2024/6/22, , 41, 34, 5, 
2024/6/23, , 24, 34, 5, 
2024/6/24, , 8, 34, 6, 
2024/6/25, , 30, 25, 4, 
2024/6/26, , 24, 24, 5, 
2024/6/27, , 20, 19, 6, 
2024/6/28, , 20, 29, 6, 
2024/6/29, , 22, 18, 5, 
2024/6/30, , 25, 53, 9, 
2024/1/1, , 77, 7, 6, 
2024/1/2, , 52, 4, 8, 
2024/1/3, , 29, 8, 7, 
2024/1/4, , 23, 2, 10, 
2024/1/5, , 26, , 11, 
2024/1/6, , 54, 5, 8, 
2024/1/7, , 34, 5, 3, 
2024/1/8, , 20, 8, 3, 
2024/1/9, , 15, 8, 9, 
2024/1/10, , 26, 7, 9, 
2024/1/11, , 46, 8, 4, 
2024/1/12, , 34, 8, 2, 
2024/1/13, , 27, 2, 11, 
2024/1/14, , 48, 1, 14, 
2024/1/15, , 74, 8, 5, 
2024/1/16, , 29, 3, 11, 
2024/1/17, , 47, 11, 7, 
2024/1/18, , 28, 8, 6, 
2024/1/19, , 16, 7, 4, 
2024/1/20, , 16, 9, 5, 
2024/1/21, , 18, 6, 11, 
2024/1/22, , 49, 9, 15, 
2024/1/23, , 71, 9, 5, 
2024/1/24, , 27, 20, 8, 
2024/1/25, , 21, 22, 4, 
2024/1/26, , 15, 22, 3, 
2024/1/27, , 15, 8, 2, 
2024/1/28, , 16, 9, 4, 
2024/1/29, , 17, 9, 4, 
2024/1/30, , 16, 2, 14, 
2024/1/31, , 45, 4, 13, 
2024/2/1, , 67, 7, 5, 
2024/2/2, , 34, 9, 2, 
2024/2/3, , 18, 10, 2, 
2024/2/4, , 16, 9, 6, 
2024/2/5, , 18, 7, 9, 
2024/2/6, , 27, 8, 8, 
2024/2/7, , 35, 5, 11, 
2024/2/8, , 34, 7, 11, 
2024/2/9, , 46, 12, 8, 
2024/2/10, , 34, 12, 2, 
2024/2/11, , 18, 8, 6, 
2024/2/12, , 24, 7, 3, 
2024/2/13, , 20, , , 
2024/2/22, , 34, 18, 9, 
2024/2/23, , 24, 25, 4, 
2024/2/24, , 16, 17, 9, 
2024/2/25, , 16, 8, 8, 
2024/2/26, , 32, 7, 8, 
2024/2/27, , 36, 10, 8, 
2024/2/28, , 78, 8, 9, 
2024/2/29, , 45, 7, 7, 
2024/3/1, , 44, 7, 6, 
2024/3/2, , 34, 6, 7, 
2024/3/3, , 40, 9, 4, 
2024/3/4, , 32, 8, 5, 
2024/3/5, , 30, 8, 8, 
2024/3/6, , 30, 6, 6, 
2024/3/7, , 19, 7, 5, 
2024/3/8, , 15, 6, 5, 
2024/3/9, , 20, 8, 5, 
2024/3/10, , 27, 7, 6, 
2024/3/11, , 36, 10, 3, 
2024/3/12, , 15, 9, 2, 
2024/3/13, , 15, 6, 3, 
2024/3/14, , 15, 6, 7, 
2024/3/15, , 24, 10, 7, 
2024/3/16, , 32, 10, 5, 
2024/3/17, , 30, 10, 5, 
2024/3/18, , 21, 9, 3, 
2024/3/19, , 94, 10, 2, 
2024/3/20, , 54, 12, 5, 
2024/3/21, , 18, 13, 8, 
2024/3/22, , 24, 13, 7, 
2024/3/23, , 29, 14, 4, 
2024/3/24, , 20, 11, 2, 
2024/3/25, , 9, 7, 8, 
2024/3/26, , 24, 7, 5, 
2024/3/27, , 33, 13, 5, 
2024/3/28, , 35, 13, 5, 
2024/3/29, , 20, 13, 7, 
2024/3/30, , 26, 11, 8, 
2024/3/31, , 51, 12, 6, 
2023/10/1, , 36, 12, 2, 
2023/10/2, , 23, 9, 9, 
2023/10/3, , 37, 12, 9, 
2023/10/4, , 37, 13, 6, 
2023/10/5, , 37, 12, 4, 
2023/10/6, , 30, 12, 5, 
2023/10/7, , 27, 12, 4, 
2023/10/8, , 29, 12, 4, 
2023/10/9, , 24, 10, 5, 
2023/10/10, , 28, 10, 6, 
2023/10/11, , 25, 9, 17, 
2023/10/12, , 41, 12, 18, 
2023/10/13, , 47, 16, 16, 
2023/10/14, , 36, 12, 8, 
2023/10/15, , 41, 10, 4, 
2023/10/16, , 20, 7, 6, 
2023/10/17, , 22, 6, 6, 
2023/10/18, , 20, 5, 8, 
2023/10/19, , 25, 5, 9, 
2023/10/20, , 30, 9, 5, 
2023/10/21, , 34, 10, 4, 
2023/10/22, , 44, 6, 9, 
2023/10/23, , 56, 4, 13, 
2023/10/24, , 52, 7, 9, 
2023/10/25, , 59, 9, 4, 
2023/10/26, , 36, 10, 5, 
2023/10/27, , 19, 8, 6, 
2023/10/28, , 19, 9, 9, 
2023/10/29, , 23, 7, 12, 
2023/10/30, , 28, 10, 17, 
2023/10/31, , 41, 10, 11, 
2023/11/1, , 25, 5, 19, 
2023/11/2, , 32, 9, 15, 
2023/11/3, , 40, 11, 4, 
2023/11/4, , 11, 11, 2, 
2023/11/5, , 6, 5, 8, 
2023/11/6, , 20, 3, 11, 
2023/11/7, , 36, , 11, 
2023/11/8, , 31, 8, 9, 
2023/11/9, , 33, 4, 8, 
2023/11/10, , 32, 10, 5, 
2023/11/11, , 6, 5, 7, 
2023/11/12, , 1, 5, 8, 
2023/11/13, , 30, 1, 11, 
2023/11/14, , 44, 8, 8, 
2023/11/15, , 24, 7, 4, 
2023/11/16, , 12, 4, 9, 
2023/11/17, , 26, 5, 2, 
2023/11/18, , 6, 5, 2, 
2023/11/19, , 10, 5, 7, 
2023/11/20, , 22, 1, 15, 
2023/11/21, , 60, 2, 13, 
2023/11/22, , 34, 2, 7, 
2023/11/23, , 25, 1, 9, 
2023/11/24, , 31, 12, 8, 
2023/11/25, , 12, 15, 4, 
2023/11/26, , 6, , , 
2023/11/29, , 13, 2, 16, 
2023/11/30, , 34, 19, 14, 
2023/12/1, , 22, 17, 8, 
2023/12/2, , 17, 10, 2, 
2023/12/3, , 29, 5, 6, 
2023/12/4, , 23, 6, 10, 
2023/12/5, , 24, 8, 12, 
2023/12/6, , 12, 3, 11, 
2023/12/7, , 17, 8, 5, 
2023/12/8, , 15, 8, 13, 
2023/12/9, , 21, 5, 16, 
2023/12/10, , 51, 8, 8, 
2023/12/11, , 49, 4, 10, 
2023/12/12, , 49, 1, 15, 
2023/12/13, , 58, 17, 11, 
2023/12/14, , 31, 14, 4, 
2023/12/15, , 24, , , 
2023/12/17, , 32, 2, 10, 
2023/12/18, , 39, , 14, 
2023/12/19, , 75, , 14, 
2023/12/20, , 97, 5, 7, 
2023/12/21, , 58, 10, 7, 
2023/12/22, , 44, 8, 3, 
2023/12/23, , 40, 11, 1, 
2023/12/26, , 51, 8, 5, 
2023/12/27, , 45, , 12, 
2023/12/28, , 53, , 11, 
2023/12/29, , 68, 5, 9, 
2023/12/30, , 58, 4, 8, 
2023/12/31, , 52, 2, 9, 
2023/7/1, , 28, 12, 3, 
2023/7/2, , 20, 12, 3, 
2023/7/3, , 21, 16, 5, 
2023/7/4, , 28, 10, 6, 
2023/7/5, , 32, 12, 5, 
2023/7/6, , 21, 23, 4, 
2023/7/7, , 27, 28, 5, 
2023/7/8, , 23, 26, 5, 
2023/7/9, , 21, 15, 4, 
2023/7/10, , 23, 16, 5, 
2023/7/11, , 33, 14, 6, 
2023/7/12, , 31, 14, 7, 
2023/7/13, , 36, 17, 5, 
2023/7/14, , 37, 17, 4, 
2023/7/15, , 31, 19, 4, 
2023/7/16, , 32, 20, 6, 
2023/7/17, , 40, 16, 5, 
2023/7/18, , 38, 17, 5, 
2023/7/19, , 30, 16, 4, 
2023/7/20, , 29, 18, 6, 
2023/7/21, , 31, 17, 5, 
2023/7/22, , 41, 17, 3, 
2023/7/23, , 36, 18, 6, 
2023/7/24, , 31, 18, 8, 
2023/7/25, , 40, 17, 4, 
2023/7/26, , 44, 14, 1, 
2023/7/27, , 24, 15, 4, 
2023/7/28, , 23, 13, 6, 
2023/7/29, , 20, 20, 5, 
2023/7/30, , 23, 14, 1, 
2023/7/31, , 22, 17, 3, 
2023/8/1, , 19, 17, 5, 
2023/8/2, , 29, 19, 5, 
2023/8/3, , 34, 19, 5, 
2023/8/4, , 34, 21, 1, 
2023/8/5, , 27, 15, 1, 
2023/8/6, , 13, 13, 2, 
2023/8/7, , 10, 11, 1, 
2023/8/8, , 10, 15, 3, 
2023/8/9, , 12, 12, 3, 
2023/8/10, , 14, 13, 3, 
2023/8/11, , 16, 16, 3, 
2023/8/12, , 18, 16, 4, 
2023/8/13, , 20, 17, 6, 
2023/8/14, , 21, 13, 6, 
2023/8/15, , 27, 16, 5, 
2023/8/16, , 35, 16, 3, 
2023/8/17, , 27, 36, 5, 
2023/8/18, , 26, 34, 6, 
2023/8/19, , 23, 35, 6, 
2023/8/20, , 27, 18, 5, 
2023/8/21, , 32, 16, 7, 
2023/8/22, , 27, 17, 8, 
2023/8/23, , 38, 15, 8, 
2023/8/24, , 40, 12, 7, 
2023/8/25, , 40, , , 
2023/8/28, , 23, 28, 5, 
2023/8/29, , 29, 22, 4, 
2023/8/30, , 24, 15, 3, 
2023/8/31, , 17, 8, 5, 
2023/9/1, , 24, , , 
2023/9/26, , 36, 11, 4, 
2023/9/27, , 33, 10, 6, 
2023/9/28, , 32, 12, 8, 
2023/9/29, , 37, 14, 8, 
2023/9/30, , 38, 14, 3, 
2023/4/1, , 31, 13, 3, 
2023/4/2, , 11, 9, 8, 
2023/4/3, , 25, 8, 2, 
2023/4/4, , 11, 9, 2, 
2023/4/5, , 14, 15, 2, 
2023/4/6, , 22, 14, 3, 
2023/4/7, , 28, 12, 5, 
2023/4/8, , 37, 12, 3, 
2023/4/9, , 22, 12, 4, 
2023/4/10, , 19, 13, 2, 
2023/4/11, , 20, 15, 2, 
2023/4/12, , 16, 15, 5, 
2023/4/13, , 19, 16, 5, 
2023/4/14, , 23, 15, 4, 
2023/4/15, , 18, 13, 4, 
2023/4/16, , 19, 13, 3, 
2023/4/17, , 19, 7, 4, 
2023/4/18, , 16, 10, 2, 
2023/4/19, , 11, 11, 3, 
2023/4/20, , 25, 13, 3, 
2023/4/21, , 23, 14, 5, 
2023/4/22, , 26, 15, 3, 
2023/4/23, , 23, 13, 5, 
2023/4/24, , 28, 11, 4, 
2023/4/25, , 18, 12, 2, 
2023/4/26, , 14, 14, 2, 
2023/4/27, , 18, 15, 2, 
2023/4/28, , 18, 15, 7, 
2023/4/29, , 30, 13, 6, 
2023/4/30, , 27, 15, 3, 
2023/5/1, , 18, 17, 2, 
2023/5/2, , 18, 23, 5, 
2023/5/3, , 23, 21, 8, 
2023/5/4, , 20, 27, 10, 
2023/5/5, , 14, 14, 6, 
2023/5/6, , 22, 15, 4, 
2023/5/7, , 25, 12, 4, 
2023/5/8, , 26, 9, 3, 
2023/5/9, , 16, 12, 3, 
2023/5/10, , 19, 13, 2, 
2023/5/11, , 21, 14, 3, 
2023/5/12, , 20, 13, 4, 
2023/5/13, , 18, 13, 4, 
2023/5/14, , 23, 8, 5, 
2023/5/15, , 26, 8, 6, 
2023/5/16, , 40, 10, 4, 
2023/5/17, , 35, 8, 5, 
2023/5/18, , 19, 12, 4, 
2023/5/19, , 21, 14, 4, 
2023/5/20, , 24, 13, 5, 
2023/5/21, , 25, 10, 5, 
2023/5/22, , 23, 13, 5, 
2023/5/23, , 22, 16, 6, 
2023/5/24, , 25, 12, 5, 
2023/5/25, , 25, 11, 5, 
2023/5/26, , 19, 13, 4, 
2023/5/27, , 20, 12, 3, 
2023/5/28, , 16, 11, 5, 
2023/5/29, , 18, 13, 5, 
2023/5/30, , 17, 10, 5, 
2023/5/31, , 22, 9, 6, 
2023/6/1, , 23, 16, 4, 
2023/6/2, , 24, , , 
2023/6/4, , 24, 13, 3, 
2023/6/5, , 20, 31, 5, 
2023/6/6, , 18, 26, 7, 
2023/6/7, , 22, 26, 8, 
2023/6/8, , 24, 15, 5, 
2023/6/9, , 24, 15, 4, 
2023/6/10, , 25, 16, 3, 
2023/6/11, , 22, 10, 5, 
2023/6/12, , 28, 6, 6, 
2023/6/13, , 31, 9, 4, 
2023/6/14, , 19, 5, 6, 
2023/6/15, , 18, 11, 3, 
2023/6/16, , 22, 9, 1, 
2023/6/17, , 11, 10, 1, 
2023/6/18, , 22, 15, 2, 
2023/6/19, , 17, 16, 5, 
2023/6/20, , 27, 16, 6, 
2023/6/21, , 35, 11, 8, 
2023/6/22, , 31, 18, 5, 
2023/6/23, , 37, 15, 5, 
2023/6/24, , 34, 13, 2, 
2023/6/25, , 19, 11, 2, 
2023/6/26, , 24, 13, 3, 
2023/6/27, , 25, 20, 3, 
2023/6/28, , 27, 25, 3, 
2023/6/29, , 14, 26, 7, 
2023/6/30, , 25, 17, 5, 
2023/1/2, , 82, 14, 24, 
2023/1/3, , 78, 15, 7, 
2023/1/4, , 29, 7, 14, 
2023/1/5, , 35, 19, 8, 
2023/1/6, , 17, 8, 20, 
2023/1/7, , 37, 4, 23, 
2023/1/8, , 66, 12, 19, 
2023/1/9, , 54, 12, 12, 
2023/1/10, , 29, 9, 9, 
2023/1/11, , 13, 9, 6, 
2023/1/12, , 13, 7, 9, 
2023/1/13, , 17, 12, 12, 
2023/1/14, , 35, 12, 10, 
2023/1/15, , 30, 3, 15, 
2023/1/16, , 43, 23, 11, 
2023/1/17, , 19, 26, 3, 
2023/1/18, , 20, 26, 3, 
2023/1/19, , 48, 18, 10, 
2023/1/20, , 17, 17, 9, 
2023/1/21, , 16, 17, 11, 
2023/1/22, , 21, 19, 7, 
2023/1/23, , 12, 17, 8, 
2023/1/24, , 11, 9, 8, 
2023/1/25, , 13, 15, 8, 
2023/1/26, , 13, 13, 8, 
2023/1/27, , 14, 13, 5, 
2023/1/28, , 15, 12, 5, 
2023/1/29, , 21, 17, 5, 
2023/1/30, , 26, 9, 6, 
2023/1/31, , 40, 10, 2, 
2023/2/1, , 12, 11, 3, 
2023/2/2, , 16, 9, 2, 
2023/2/3, , 10, 9, 2, 
2023/2/4, , 12, 9, 1, 
2023/2/5, , 12, 8, 3, 
2023/2/6, , 14, 8, 3, 
2023/2/7, , 24, 8, 4, 
2023/2/8, , 32, 10, 8, 
2023/2/9, , 30, 6, 14, 
2023/2/10, , 58, 12, 4, 
2023/2/11, , 40, 12, 4, 
2023/2/12, , 44, 12, 5, 
2023/2/13, , 50, 11, 2, 
2023/2/14, , 29, 10, 3, 
2023/2/15, , 35, 2, 15, 
2023/2/16, , 68, 12, 10, 
2023/2/17, , 49, 10, 10, 
2023/2/18, , 40, 13, 7, 
2023/2/19, , 30, 12, 2, 
2023/2/20, , 17, 10, 8, 
2023/2/21, , 25, 13, 10, 
2023/2/22, , 36, 22, 18, 
2023/2/23, , 43, 15, 14, 
2023/2/24, , 35, 27, 10, 
2023/2/25, , 40, 27, 2, 
2023/2/26, , 46, 13, 8, 
2023/2/27, , 35, 8, 10, 
2023/2/28, , 31, 7, 5, 
2023/3/1, , 11, 5, 4, 
2023/3/2, , 11, 4, 4, 
2023/3/3, , 16, 7, 5, 
2023/3/4, , 29, 13, 1, 
2023/3/5, , 35, 12, 4, 
2023/3/6, , 27, 15, 4, 
2023/3/7, , 20, 11, 7, 
2023/3/8, , 25, 12, 5, 
2023/3/9, , 19, 7, 7, 
2023/3/10, , 23, 23, 2, 
2023/3/11, , 15, 23, 2, 
2023/3/12, , 11, 18, 17, 
2023/3/13, , 28, 11, 11, 
2023/3/14, , 32, 9, 7, 
2023/3/15, , 31, 10, 2, 
2023/3/16, , 12, 9, 5, 
2023/3/17, , 15, 12, 7, 
2023/3/18, , 34, 11, 10, 
2023/3/19, , 35, 8, 13, 
2023/3/20, , 50, 10, 10, 
2023/3/21, , 47, 9, 7, 
2023/3/22, , 28, 17, 12, 
2023/3/23, , 36, 14, 13, 
2023/3/24, , 37, 2, 19, 
2023/3/25, , 49, 14, 3, 
2023/3/26, , 14, 22, 11, 
2023/3/27, , 26, 23, 4, 
2023/3/28, , 10, 26, 3, 
2023/3/29, , 12, 14, 5, 
2023/3/30, , 18, 13, 9, 
2023/3/31, , 30, 12, 7, 
2022/10/1, , 27, 17, 6, 
2022/10/2, , 13, 15, 10, 
2022/10/3, , 17, 14, 6, 
2022/10/4, , 13, 14, 13, 
2022/10/5, , 20, 9, 19, 
2022/10/6, , 34, 17, 14, 
2022/10/7, , 29, 18, 18, 
2022/10/8, , 31, 21, 12, 
2022/10/9, , 34, 19, 14, 
2022/10/10, , 43, 17, 11, 
2022/10/11, , 37, 10, 15, 
2022/10/12, , 40, 15, 16, 
2022/10/13, , 36, 17, 12, 
2022/10/14, , 19, 18, 11, 
2022/10/15, , 22, 20, 13, 
2022/10/16, , 26, 17, 19, 
2022/10/17, , 35, 13, 24, 
2022/10/18, , 42, 26, 15, 
2022/10/19, , 38, 21, 8, 
2022/10/20, , 33, 14, 19, 
2022/10/21, , 40, 12, 22, 
2022/10/22, , 50, 21, 12, 
2022/10/23, , 33, 6, 28, 
2022/10/24, , 49, 17, 21, 
2022/10/25, , 57, 20, 13, 
2022/10/26, , 31, 16, 22, 
2022/10/27, , 30, 14, 24, 
2022/10/28, , 39, 15, 22, 
2022/10/29, , 39, 18, 13, 
2022/10/30, , 34, 16, 18, 
2022/10/31, , 38, 6, 28, 
2022/11/1, , 60, 15, 22, 
2022/11/2, , 56, 19, 13, 
2022/11/3, , 44, 15, 19, 
2022/11/4, , 54, 14, 17, 
2022/11/5, , 52, 21, 11, 
2022/11/6, , 35, 14, 15, 
2022/11/7, , 45, 12, 13, 
2022/11/8, , 46, 6, 17, 
2022/11/9, , 52, 5, 19, 
2022/11/10, , 59, 9, 9, 
2022/11/11, , 38, 12, 8, 
2022/11/12, , 18, 17, 8, 
2022/11/13, , 29, 1, 21, 
2022/11/14, , 68, 1, 21, 
2022/11/15, , 80, 1, 22, 
2022/11/16, , 79, 14, 12, 
2022/11/17, , 26, 16, 13, 
2022/11/18, , 36, 12, 12, 
2022/11/19, , 19, 19, 7, 
2022/11/20, , 19, 12, 6, 
2022/11/21, , 19, 10, 13, 
2022/11/22, , 18, 11, 15, 
2022/11/23, , 21, 17, 10, 
2022/11/24, , 22, 17, 5, 
2022/11/25, , 11, 15, 11, 
2022/11/26, , 23, 13, 12, 
2022/11/27, , 37, 13, 11, 
2022/11/28, , 14, 8, 11, 
2022/11/29, , 12, 3, 10, 
2022/11/30, , 10, 2, 8, 
2022/12/1, , 8, 1, 10, 
2022/12/2, , 29, 7, 11, 
2022/12/3, , 23, 6, 9, 
2022/12/4, , 19, 8, 10, 
2022/12/5, , 18, 7, 11, 
2022/12/6, , 24, 1, 17, 
2022/12/7, , 51, 4, 16, 
2022/12/8, , 46, 1, 18, 
2022/12/9, , 46, 7, 11, 
2022/12/10, , 37, 15, 5, 
2022/12/11, , 11, 7, 11, 
2022/12/12, , 25, 14, 11, 
2022/12/13, , 23, 9, 16, 
2022/12/14, , 28, 8, 18, 
2022/12/15, , 49, 1, 20, 
2022/12/16, , 65, 7, 14, 
2022/12/17, , 29, 15, 5, 
2022/12/18, , 22, 15, 10, 
2022/12/19, , 29, 15, 15, 
2022/12/20, , 27, 2, 29, 
2022/12/21, , 68, 1, 37, 
2022/12/22, , 105, 2, 30, 
2022/12/23, , 110, 8, 19, 
2022/12/24, , 61, 18, 6, 
2022/12/25, , 16, 4, 19, 
2022/12/26, , 49, 13, 15, 
2022/12/27, , 59, 13, 12, 
2022/12/28, , 30, 2, 18, 
2022/12/29, , 59, 2, 22, 
2022/12/30, , 77, 2, 22, 
2022/12/31, , 73, 3, 19, 
2023/1/1, , 165, 1, 20, 
2022/7/1, , 37, 22, 15, 
2022/7/2, , 36, 22, 12, 
2022/7/3, , 29, 23, 14, 
2022/7/4, , 29, 24, 15, 
2022/7/5, , 30, 22, 9, 
2022/7/6, , 22, 20, 11, 
2022/7/7, , 13, 18, 15, 
2022/7/8, , 21, 13, 8, 
2022/7/9, , 14, 17, 8, 
2022/7/10, , 19, 16, 8, 
2022/7/11, , 15, 18, 9, 
2022/7/12, , 20, 18, 9, 
2022/7/13, , 18, 24, 15, 
2022/7/14, , 23, 26, 19, 
2022/7/15, , 32, 29, 13, 
2022/7/16, , 29, 26, 10, 
2022/7/17, , 24, 23, 11, 
2022/7/18, , 20, 21, 13, 
2022/7/19, , 22, 24, 16, 
2022/7/20, , 28, 26, 14, 
2022/7/21, , 26, 29, 15, 
2022/7/22, , 31, 29, 17, 
2022/7/23, , 38, 33, 13, 
2022/7/24, , 43, 29, 10, 
2022/7/25, , 25, 34, 15, 
2022/7/26, , 38, 33, 12, 
2022/7/27, , 34, 22, 12, 
2022/7/28, , 24, 24, 10, 
2022/7/29, , 24, 28, 9, 
2022/7/30, , 22, 15, 7, 
2022/7/31, , 2, 35, 7, 
2022/8/1, , 35, 23, 10, 
2022/8/2, , 16, 22, 14, 
2022/8/3, , 17, 25, 17, 
2022/8/4, , 31, 28, 17, 
2022/8/5, , 29, 29, 17, 
2022/8/6, , 28, 26, 11, 
2022/8/7, , 21, 23, 12, 
2022/8/8, , 23, 25, 14, 
2022/8/9, , 25, 24, 9, 
2022/8/10, , 27, 24, 9, 
2022/8/11, , 16, 21, 13, 
2022/8/12, , 20, 10, 15, 
2022/8/13, , 25, 17, 10, 
2022/8/14, , 21, 24, 8, 
2022/8/15, , 22, 21, 12, 
2022/8/16, , 21, 26, 11, 
2022/8/17, , 23, 32, 11, 
2022/8/18, , 26, 34, 19, 
2022/8/19, , 30, 25, 10, 
2022/8/20, , 22, 19, 8, 
2022/8/21, , 22, 19, 11, 
2022/8/22, , 19, 17, 13, 
2022/8/23, , 25, 21, 10, 
2022/8/24, , 26, 19, 12, 
2022/8/25, , 53, 21, 14, 
2022/8/26, , 52, 31, 17, 
2022/8/27, , 41, 31, 14, 
2022/8/28, , 41, 21, 17, 
2022/8/29, , 40, 16, 15, 
2022/8/30, , 40, 23, 13, 
2022/8/31, , 34, 21, 15, 
2022/9/1, , 35, 16, 12, 
2022/9/2, , 21, 17, 6, 
2022/9/3, , 13, 17, 9, 
2022/9/4, , 18, 18, 9, 
2022/9/5, , 16, 20, 12, 
2022/9/6, , 18, 22, 13, 
2022/9/7, , 21, 22, 16, 
2022/9/8, , 31, 17, 21, 
2022/9/9, , 42, 14, 15, 
2022/9/10, , 27, 19, 6, 
2022/9/11, , 22, 17, 6, 
2022/9/12, , 16, 20, 7, 
2022/9/13, , 18, 17, 18, 
2022/9/14, , 27, 16, 22, 
2022/9/15, , 37, 15, 17, 
2022/9/16, , 27, 8, 15, 
2022/9/17, , 19, 14, 7, 
2022/9/18, , 13, 19, 14, 
2022/9/19, , 17, 16, 6, 
2022/9/20, , 9, 16, 9, 
2022/9/21, , 15, 16, 5, 
2022/9/22, , 12, 17, 7, 
2022/9/23, , 14, 17, 15, 
2022/9/24, , 20, 21, 15, 
2022/9/25, , 25, 18, 19, 
2022/9/26, , 27, 12, 15, 
2022/9/27, , 22, 16, 16, 
2022/9/28, , 20, 12, 16, 
2022/9/29, , 23, 14, 15, 
2022/9/30, , 22, 5, 17, 
2022/4/1, , 57, 21, 7, 
2022/4/2, , 14, 21, 5, 
2022/4/3, , 7, 22, 7, 
2022/4/4, , 12, 22, 13, 
2022/4/5, , 16, 20, 21, 
2022/4/6, , 25, 17, 15, 
2022/4/7, , 24, 23, 6, 
2022/4/8, , 9, 22, 9, 
2022/4/9, , 12, 17, 10, 
2022/4/10, , 15, 20, 7, 
2022/4/11, , 9, 23, 12, 
2022/4/12, , 14, 26, 18, 
2022/4/13, , 21, 24, 23, 
2022/4/14, , 25, 24, 25, 
2022/4/15, , 31, 29, 15, 
2022/4/16, , 26, 16, 7, 
2022/4/17, , 15, 15, 7, 
2022/4/18, , 5, 20, 10, 
2022/4/19, , 7, 19, 18, 
2022/4/20, , 21, 13, 20, 
2022/4/21, , 20, 21, 12, 
2022/4/22, , 19, 23, 7, 
2022/4/23, , 13, 26, 11, 
2022/4/24, , 19, 25, 10, 
2022/4/25, , 31, 25, 11, 
2022/4/26, , 18, 24, 11, 
2022/4/27, , 19, 19, 7, 
2022/4/28, , 17, 20, 7, 
2022/4/29, , 14, 22, 9, 
2022/4/30, , 14, 25, 7, 
2022/5/1, , 13, 24, 6, 
2022/5/2, , 15, 19, 9, 
2022/5/3, , 13, 23, 12, 
2022/5/4, , 16, 23, 17, 
2022/5/5, , 17, 25, 12, 
2022/5/6, , 16, 28, 5, 
2022/5/7, , 16, 23, 7, 
2022/5/8, , 17, 23, 13, 
2022/5/9, , 19, 23, 14, 
2022/5/10, , 23, 23, 14, 
2022/5/11, , 32, 26, 17, 
2022/5/12, , 21, 28, 18, 
2022/5/13, , 23, 23, 14, 
2022/5/14, , 28, 25, 9, 
2022/5/15, , 20, 27, 15, 
2022/5/16, , 23, 25, 14, 
2022/5/17, , 22, 16, 8, 
2022/5/18, , 19, 19, 11, 
2022/5/19, , 11, 19, 16, 
2022/5/20, , 15, 25, 13, 
2022/5/21, , 18, 23, 6, 
2022/5/22, , 16, 23, 7, 
2022/5/23, , 14, 25, 10, 
2022/5/24, , 23, 21, 13, 
2022/5/25, , 36, 23, 11, 
2022/5/26, , 37, 23, 10, 
2022/5/27, , 19, 18, 13, 
2022/5/28, , 27, 17, 7, 
2022/5/29, , 36, 19, 10, 
2022/5/31, , 333, 19, 13, 
2022/6/1, , 85, 20, 15, 
2022/6/2, , 31, 19, 13, 
2022/6/3, , 34, 28, 11, 
2022/6/4, , 37, 21, 10, 
2022/6/5, , 23, 11, 11, 
2022/6/6, , 24, 20, 10, 
2022/6/7, , 23, 23, 12, 
2022/6/8, , 22, 18, 10, 
2022/6/9, , 18, 11, 11, 
2022/6/10, , 17, 14, 9, 
2022/6/11, , 12, 11, 7, 
2022/6/12, , 16, 21, 8, 
2022/6/13, , 23, 22, 7, 
2022/6/14, , 25, 20, 8, 
2022/6/15, , 28, 24, 11, 
2022/6/16, , 38, 20, 12, 
2022/6/17, , 26, 20, 9, 
2022/6/18, , 21, 18, 11, 
2022/6/19, , 20, 23, 14, 
2022/6/20, , 21, 24, 13, 
2022/6/21, , 27, 21, 10, 
2022/6/22, , 38, 17, 12, 
2022/6/23, , 27, 19, 11, 
2022/6/24, , 16, 18, 12, 
2022/6/25, , 24, 19, 9, 
2022/6/26, , 5, 19, 13, 
2022/6/27, , 17, 20, 14, 
2022/6/28, , 24, 21, 13, 
2022/6/29, , 21, 26, 15, 
2022/6/30, , 31, 25, 16, 
2022/1/3, , 38, 3, 26, 
2022/1/4, , 42, 4, 26, 
2022/1/5, , 53, 12, 17, 
2022/1/6, , 33, 10, 11, 
2022/1/7, , 15, 10, 8, 
2022/1/8, , 8, 9, 12, 
2022/1/9, , 18, 8, 10, 
2022/1/10, , 10, 14, 7, 
2022/1/11, , 6, 14, 7, 
2022/1/12, , 7, 16, 6, 
2022/1/13, , 21, 21, 7, 
2022/1/14, , 21, 18, 5, 
2022/1/15, , 16, 15, 14, 
2022/1/16, , 29, 21, 14, 
2022/1/17, , 42, 17, 5, 
2022/1/18, , 9, 17, 9, 
2022/1/19, , 19, 17, 19, 
2022/1/20, , 32, 18, 11, 
2022/1/21, , 14, 18, 4, 
2022/1/22, , 8, 18, 5, 
2022/1/23, , 11, 18, 11, 
2022/1/24, , 17, 19, 8, 
2022/1/25, , 23, 17, 8, 
2022/1/26, , 25, 13, 10, 
2022/1/27, , 17, 17, 19, 
2022/1/28, , 28, 18, 6, 
2022/1/29, , 12, 20, 10, 
2022/1/30, , 18, 19, 15, 
2022/1/31, , 27, 16, 23, 
2022/2/1, , 39, 18, 9, 
2022/2/2, , 18, 17, 8, 
2022/2/3, , 13, 15, 26, 
2022/2/4, , 35, 18, 27, 
2022/2/5, , 53, 19, 16, 
2022/2/6, , 22, 19, 16, 
2022/2/7, , 21, 17, 7, 
2022/2/8, , 10, 17, 6, 
2022/2/9, , 11, 7, 27, 
2022/2/10, , 40, 5, 35, 
2022/2/11, , 57, 18, 14, 
2022/2/12, , 30, 19, 6, 
2022/2/13, , 16, 14, 21, 
2022/2/14, , 37, 9, 24, 
2022/2/15, , 43, 9, 26, 
2022/2/16, , 43, 19, 19, 
2022/2/17, , 39, 20, 10, 
2022/2/18, , 13, 15, 25, 
2022/2/19, , 37, 17, 18, 
2022/2/20, , 40, 16, 15, 
2022/2/21, , 19, 13, 12, 
2022/2/22, , 21, 17, 7, 
2022/2/23, , 14, 18, 11, 
2022/2/24, , 12, 13, 25, 
2022/2/25, , 35, 22, 15, 
2022/2/26, , 37, 22, 9, 
2022/2/27, , 18, 17, 11, 
2022/2/28, , 18, 16, 12, 
2022/3/1, , 16, 17, 8, 
2022/3/2, , 21, 21, 6, 
2022/3/3, , 21, 19, 24, 
2022/3/4, , 43, 19, 16, 
2022/3/5, , 36, 20, 8, 
2022/3/6, , 11, 17, 11, 
2022/3/7, , 12, 18, 8, 
2022/3/8, , 21, 19, 7, 
2022/3/9, , 21, 21, 8, 
2022/3/10, , 13, 18, 10, 
2022/3/11, , 17, 21, 9, 
2022/3/12, , 16, 18, 19, 
2022/3/13, , 30, 20, 27, 
2022/3/14, , 41, 20, 27, 
2022/3/15, , 41, 18, 32, 
2022/3/16, , 53, 16, 14, 
2022/3/17, , 19, 21, 10, 
2022/3/18, , 14, 23, 13, 
2022/3/19, , 24, 24, 9, 
2022/3/20, , 17, 26, 19, 
2022/3/21, , 30, 23, 18, 
2022/3/22, , 31, 24, 12, 
2022/3/23, , 21, 28, 20, 
2022/3/24, , 38, 27, 9, 
2022/3/25, , 27, 26, 16, 
2022/3/26, , 31, 30, 12, 
2022/3/27, , 31, 24, 17, 
2022/3/28, , 32, 24, 16, 
2022/3/29, , 32, 23, 16, 
2022/3/30, , 37, 22, 10, 
2022/3/31, , 42, 21, 9, 
2021/10/1, , 17, 21, 12, 
2021/10/2, , 16, 17, 18, 
2021/10/3, , 18, 13, 27, 
2021/10/4, , 27, 22, 18, 
2021/10/5, , 29, 19, 11, 
2021/10/6, , 28, 15, 12, 
2021/10/7, , 21, 9, 12, 
2021/10/8, , 8, 5, 10, 
2021/10/9, , 5, 7, 9, 
2021/10/10, , 6, 9, 12, 
2021/10/11, , 8, 10, 9, 
2021/10/12, , 9, 14, 9, 
2021/10/13, , 17, 9, 12, 
2021/10/14, , 12, 8, 15, 
2021/10/15, , 8, 6, 8, 
2021/10/16, , 8, 10, 9, 
2021/10/17, , 14, 16, 10, 
2021/10/18, , 19, 19, 15, 
2021/10/19, , 23, 8, 22, 
2021/10/20, , 36, 15, 20, 
2021/10/21, , 34, 9, 24, 
2021/10/22, , 35, 13, 15, 
2021/10/23, , 34, 16, 11, 
2021/10/24, , 12, 18, 10, 
2021/10/25, , 14, 14, 11, 
2021/10/26, , 19, 11, 19, 
2021/10/27, , 31, 13, 18, 
2021/10/28, , 29, 19, 15, 
2021/10/29, , 21, 21, 8, 
2021/10/30, , 19, 16, 13, 
2021/10/31, , 24, 8, 23, 
2021/11/1, , 41, 3, 20, 
2021/11/2, , 42, 1, 22, 
2021/11/3, , 54, 6, 18, 
2021/11/4, , 32, 5, 19, 
2021/11/5, , 38, 6, 15, 
2021/11/6, , 43, 7, 14, 
2021/11/7, , 45, 6, 17, 
2021/11/8, , 43, 8, 10, 
2021/11/9, , 15, 12, 11, 
2021/11/10, , 10, 9, 20, 
2021/11/11, , 26, 2, 32, 
2021/11/12, , 51, 4, 29, 
2021/11/13, , 55, 6, 22, 
2021/11/14, , 58, 16, 17, 
2021/11/15, , 40, 16, 11, 
2021/11/16, , 15, 16, 13, 
2021/11/17, , 17, 9, 14, 
2021/11/18, , 36, 16, 8, 
2021/11/19, , 15, 17, 7, 
2021/11/20, , 14, 7, 20, 
2021/11/21, , 33, 1, 29, 
2021/11/22, , 64, 7, 15, 
2021/11/23, , 41, 8, 12, 
2021/11/24, , 17, 9, 13, 
2021/11/25, , 18, 8, 17, 
2021/11/26, , 25, 23, 8, 
2021/11/27, , 10, 17, 15, 
2021/11/28, , 17, 11, 18, 
2021/11/29, , 17, 15, 10, 
2021/11/30, , 11, 12, 18, 
2021/12/1, , 15, 4, 27, 
2021/12/2, , 36, 19, 10, 
2021/12/3, , 14, 9, 10, 
2021/12/4, , 11, 8, 13, 
2021/12/5, , 26, 3, 17, 
2021/12/6, , 30, 5, 7, 
2021/12/7, , 6, 10, 12, 
2021/12/8, , 16, 2, 30, 
2021/12/9, , 66, 4, 27, 
2021/12/10, , 35, 9, 18, 
2021/12/11, , 14, 11, 6, 
2021/12/12, , 11, 12, 7, 
2021/12/13, , 9, 12, 11, 
2021/12/14, , 18, 10, 8, 
2021/12/15, , 18, 12, 8, 
2021/12/16, , 17, 10, 8, 
2021/12/17, , 12, 10, 10, 
2021/12/18, , 12, 17, 6, 
2021/12/19, , 12, 15, 7, 
2021/12/20, , 9, 13, 8, 
2021/12/21, , 9, 12, 18, 
2021/12/22, , 27, 8, 23, 
2021/12/23, , 35, 20, 15, 
2021/12/24, , 26, 9, 19, 
2021/12/25, , 28, 6, 21, 
2021/12/26, , 33, 12, 15, 
2021/12/27, , 21, 5, 19, 
2021/12/28, , 24, 8, 17, 
2021/12/29, , 45, 11, 10, 
2021/12/30, , 10, 12, 9, 
2021/12/31, , 15, 14, 9, 
2022/1/1, , 45, 14, 10, 
2022/1/2, , 17, 4, 20, 
2021/7/1, , 36, 25, 6, 
2021/7/2, , 18, 22, 5, 
2021/7/3, , 13, 26, 5, 
2021/7/4, , 13, 23, 12, 
2021/7/5, , 20, 24, 10, 
2021/7/6, , 20, 28, 13, 
2021/7/7, , 19, 23, 13, 
2021/7/8, , 22, 25, 9, 
2021/7/9, , 15, 26, 7, 
2021/7/10, , 17, 27, 8, 
2021/7/11, , 18, 29, 12, 
2021/7/12, , 21, 35, 15, 
2021/7/13, , 27, 32, 12, 
2021/7/14, , 27, 30, 8, 
2021/7/15, , 29, 23, 10, 
2021/7/16, , 26, , , 
2021/7/19, , 26, 24, 5, 
2021/7/20, , 19, 25, 5, 
2021/7/21, , 18, 21, 7, 
2021/7/22, , 14, 26, 12, 
2021/7/23, , 17, 25, 10, 
2021/7/24, , 18, 29, 10, 
2021/7/25, , 17, 35, 13, 
2021/7/26, , 22, 33, 17, 
2021/7/27, , 34, 33, 21, 
2021/7/28, , 44, 28, 20, 
2021/7/29, , 48, 29, 20, 
2021/7/30, , 50, 35, 15, 
2021/7/31, , 46, 34, 12, 
2021/8/1, , 34, 26, 16, 
2021/8/2, , 42, 31, 6, 
2021/8/3, , 23, 31, 16, 
2021/8/4, , 27, 29, 12, 
2021/8/5, , 41, 25, 5, 
2021/8/6, , 26, 28, 5, 
2021/8/7, , 10, 38, 12, 
2021/8/8, , 14, 29, 14, 
2021/8/9, , 22, 31, 13, 
2021/8/10, , 26, 32, 10, 
2021/8/11, , 22, 28, 11, 
2021/8/12, , 20, 31, 10, 
2021/8/13, , 17, 31, 8, 
2021/8/14, , 19, 32, 11, 
2021/8/15, , 19, 36, 14, 
2021/8/16, , 20, 42, 12, 
2021/8/17, , 25, 26, 4, 
2021/8/18, , 18, 26, 6, 
2021/8/19, , 11, 33, 11, 
2021/8/20, , 19, 31, 9, 
2021/8/21, , 21, 35, 8, 
2021/8/22, , 18, 29, 9, 
2021/8/23, , 20, 32, 10, 
2021/8/24, , 21, 19, 12, 
2021/8/25, , 29, 13, 10, 
2021/8/26, , 16, 24, 10, 
2021/8/27, , 18, 24, 7, 
2021/8/28, , 23, 18, 5, 
2021/8/29, , 16, 18, 6, 
2021/8/30, , 10, 20, 14, 
2021/8/31, , 15, 20, 7, 
2021/9/1, , 14, 20, 4, 
2021/9/2, , 12, 23, 11, 
2021/9/3, , 15, 5, 13, 
2021/9/4, , 17, , , 
2021/9/6, , 18, 21, 7, 
2021/9/7, , 15, 21, 8, 
2021/9/8, , 14, 18, 11, 
2021/9/9, , 17, 24, 14, 
2021/9/10, , 18, 26, 18, 
2021/9/11, , 18, 28, 18, 
2021/9/12, , 22, 27, 25, 
2021/9/13, , 35, 27, 24, 
2021/9/14, , 29, 25, 23, 
2021/9/15, , 30, 24, 23, 
2021/9/16, , 30, 16, 22, 
2021/9/17, , 39, 12, 7, 
2021/9/18, , 24, 14, 8, 
2021/9/19, , 16, 17, 10, 
2021/9/20, , 20, 17, 6, 
2021/9/21, , 9, 17, 6, 
2021/9/22, , 12, 18, 6, 
2021/9/23, , 9, 20, 13, 
2021/9/24, , 13, 24, 15, 
2021/9/25, , 15, 22, 21, 
2021/9/26, , 19, 15, 27, 
2021/9/27, , 26, 13, 16, 
2021/9/28, , 27, 9, 13, 
2021/9/29, , 17, 13, 12, 
2021/9/30, , 15, 16, 13, 
2021/4/1, , 30, 29, 18, 
2021/4/2, , 33, 20, 13, 
2021/4/3, , 25, 21, 5, 
2021/4/4, , 13, 26, 11, 
2021/4/5, , 17, 26, 13, 
2021/4/6, , 22, 26, 6, 
2021/4/7, , 11, 27, 6, 
2021/4/8, , 12, 31, 11, 
2021/4/9, , 16, 27, 20, 
2021/4/10, , 30, 36, 16, 
2021/4/11, , 26, 29, 19, 
2021/4/12, , 33, 22, 16, 
2021/4/13, , 29, 19, 7, 
2021/4/14, , 10, 21, 7, 
2021/4/15, , 11, 26, 7, 
2021/4/16, , 14, 21, 10, 
2021/4/17, , 16, 20, 10, 
2021/4/18, , 24, 12, 14, 
2021/4/19, , 17, 23, 10, 
2021/4/20, , 16, 27, 10, 
2021/4/21, , 16, 32, 14, 
2021/4/22, , 20, 25, 9, 
2021/4/23, , 15, 28, 10, 
2021/4/24, , 17, 32, 12, 
2021/4/25, , 21, 30, 13, 
2021/4/26, , 20, 23, 14, 
2021/4/27, , 21, 27, 15, 
2021/4/28, , 27, 22, 15, 
2021/4/29, , 27, 25, 11, 
2021/4/30, , 39, 22, 12, 
2021/5/1, , 43, 23, 7, 
2021/5/2, , 36, 28, 5, 
2021/5/3, , 18, 30, 6, 
2021/5/4, , 13, 23, 10, 
2021/5/5, , 19, 26, 8, 
2021/5/6, , 14, 27, 12, 
2021/5/7, , 18, 26, 5, 
2021/5/8, , 13, 31, 8, 
2021/5/9, , 12, 27, 9, 
2021/5/10, , 17, 27, 13, 
2021/5/11, , 20, 21, 14, 
2021/5/12, , 25, 20, 11, 
2021/5/13, , 24, 22, 10, 
2021/5/14, , 10, 15, 15, 
2021/5/15, , 27, 17, 9, 
2021/5/16, , 15, 4, 18, 
2021/5/17, , 20, 21, 8, 
2021/5/18, , 7, 21, 15, 
2021/5/19, , 14, 21, 5, 
2021/5/20, , 10, 18, 7, 
2021/5/21, , 9, 24, 12, 
2021/5/22, , 16, 26, 15, 
2021/5/23, , 21, 28, 10, 
2021/5/24, , 24, 24, 9, 
2021/5/25, , 29, 19, 9, 
2021/5/26, , 27, 18, 12, 
2021/5/27, , 22, 20, 8, 
2021/5/28, , 17, 25, 4, 
2021/5/29, , 11, 23, 4, 
2021/5/30, , 12, 21, 5, 
2021/5/31, , 10, 18, 6, 
2021/6/1, , 21, 20, 8, 
2021/6/2, , 15, 26, 7, 
2021/6/3, , 17, 25, 10, 
2021/6/4, , 19, 27, 13, 
2021/6/5, , 21, 29, 12, 
2021/6/6, , 24, 22, 12, 
2021/6/7, , 28, 22, 11, 
2021/6/8, , 17, 19, 14, 
2021/6/9, , 15, 23, 12, 
2021/6/10, , 18, 23, 11, 
2021/6/11, , 15, 21, 9, 
2021/6/12, , 14, 20, 8, 
2021/6/13, , 14, 19, 7, 
2021/6/14, , 10, 20, 5, 
2021/6/15, , 10, 21, 7, 
2021/6/16, , 14, 24, 11, 
2021/6/17, , 16, 18, 11, 
2021/6/18, , 16, 16, 8, 
2021/6/19, , 13, 20, 11, 
2021/6/20, , 10, 23, 13, 
2021/6/21, , 17, 20, 12, 
2021/6/22, , 34, 21, 14, 
2021/6/23, , 52, 28, 15, 
2021/6/24, , 50, 21, 14, 
2021/6/25, , 50, 20, 11, 
2021/6/26, , 44, 26, 7, 
2021/6/27, , 12, 28, 11, 
2021/6/28, , 18, 32, 15, 
2021/6/29, , 28, 33, 13, 
2021/6/30, , 36, 30, 11, 
2021/1/4, , 17, 21, 10, 
2021/1/5, , 12, 10, 21, 
2021/1/6, , 30, 20, 14, 
2021/1/7, , 17, 14, 15, 
2021/1/8, , 19, 17, 9, 
2021/1/9, , 12, 12, 9, 
2021/1/10, , 6, 12, 10, 
2021/1/11, , 17, 12, 8, 
2021/1/12, , 11, 21, 6, 
2021/1/13, , 21, 20, 10, 
2021/1/14, , 14, 20, 7, 
2021/1/15, , 13, 22, 5, 
2021/1/16, , 15, 21, 5, 
2021/1/17, , 20, 21, 6, 
2021/1/18, , 21, 22, 9, 
2021/1/19, , 23, 6, 27, 
2021/1/20, , 40, 4, 30, 
2021/1/21, , 56, 12, 30, 
2021/1/22, , 51, 14, 20, 
2021/1/23, , 27, 23, 10, 
2021/1/24, , 13, 21, 14, 
2021/1/25, , 13, 23, 8, 
2021/1/26, , 11, 22, 6, 
2021/1/27, , 11, 25, 6, 
2021/1/28, , 10, 13, 28, 
2021/1/29, , 33, 19, 17, 
2021/1/30, , 31, 12, 24, 
2021/1/31, , 40, 18, 19, 
2021/2/1, , 18, 4, 24, 
2021/2/2, , 35, 6, 25, 
2021/2/3, , 45, 16, 17, 
2021/2/4, , 32, 9, 23, 
2021/2/5, , 33, 3, 29, 
2021/2/6, , 55, 10, 24, 
2021/2/7, , 58, 27, 10, 
2021/2/8, , 20, 26, 9, 
2021/2/9, , 8, 26, 14, 
2021/2/10, , 10, 26, 6, 
2021/2/11, , 20, 24, 6, 
2021/2/12, , 11, 24, 5, 
2021/2/13, , 15, 26, 8, 
2021/2/14, , 14, 26, 15, 
2021/2/15, , 29, 28, 16, 
2021/2/16, , 23, 19, 42, 
2021/2/17, , 68, 23, 8, 
2021/2/18, , 15, 14, 19, 
2021/2/19, , 35, 14, 19, 
2021/2/20, , 40, 12, 14, 
2021/2/21, , 26, 3, 31, 
2021/2/22, , 70, 19, 25, 
2021/2/23, , 57, 27, 16, 
2021/2/24, , 39, 13, 31, 
2021/2/25, , 59, 11, 33, 
2021/2/26, , 63, 27, 17, 
2021/2/27, , 60, 25, 6, 
2021/2/28, , 17, 24, 12, 
2021/3/1, , 18, 26, 17, 
2021/3/2, , 32, 28, 11, 
2021/3/3, , 22, 14, 32, 
2021/3/4, , 44, 28, 26, 
2021/3/5, , 37, 24, 9, 
2021/3/6, , 22, 24, 12, 
2021/3/7, , 20, 23, 22, 
2021/3/8, , 39, 21, 23, 
2021/3/9, , 32, 22, 14, 
2021/3/10, , 28, 21, 14, 
2021/3/11, , 13, 12, 27, 
2021/3/12, , 44, 19, 23, 
2021/3/13, , 45, 26, 18, 
2021/3/14, , 38, 17, 14, 
2021/3/15, , 27, 24, 6, 
2021/3/16, , 5, 22, 6, 
2021/3/17, , 12, 22, 7, 
2021/3/18, , 14, 26, 9, 
2021/3/19, , 17, 22, 13, 
2021/3/20, , 19, 22, 10, 
2021/3/21, , 7, 22, 11, 
2021/3/22, , 5, 24, 10, 
2021/3/23, , 14, 27, 10, 
2021/3/24, , 13, 30, 12, 
2021/3/25, , 23, 32, 17, 
2021/3/26, , 36, 31, 23, 
2021/3/27, , 42, 29, 18, 
2021/3/28, , 43, 32, 9, 
2021/3/29, , 13, 33, 11, 
2021/3/30, , 18, 33, 16, 
2021/3/31, , 27, 32, 18, 
2020/10/1, , 14, 8, 10, 
2020/10/2, , 22, 11, 10, 
2020/10/3, , 22, 8, 9, 
2020/10/4, , 27, 8, 8, 
2020/10/5, , 33, 8, 6, 
2020/10/6, , 26, 9, 8, 
2020/10/7, , 27, 7, 3, 
2020/10/8, , 7, 11, 3, 
2020/10/9, , 10, 11, 6, 
2020/10/10, , 17, 7, 8, 
2020/10/11, , 24, 7, 7, 
2020/10/12, , 23, 6, 6, 
2020/10/13, , 13, 7, 8, 
2020/10/14, , 16, 7, 9, 
2020/10/15, , 18, 7, 8, 
2020/10/16, , 20, 9, 5, 
2020/10/17, , 14, 9, 2, 
2020/10/18, , 9, 10, 6, 
2020/10/19, , 15, 8, 9, 
2020/10/20, , 19, 6, 10, 
2020/10/21, , 28, 1, 12, 
2020/10/22, , 40, 1, 14, 
2020/10/23, , 45, , 13, 
2020/10/24, , 53, 3, 8, 
2020/10/25, , 38, 5, 8, 
2020/10/26, , 27, 1, 10, 
2020/10/27, , 33, 3, 8, 
2020/10/28, , 35, 5, 8, 
2020/10/29, , 31, 9, 4, 
2020/10/30, , 16, 8, 2, 
2020/10/31, , 9, 8, 4, 
2020/11/1, , 9, 1, 13, 
2020/11/2, , 37, 7, 6, 
2020/11/3, , 29, 5, 7, 
2020/11/4, , 22, 8, 6, 
2020/11/5, , 12, 6, 6, 
2020/11/6, , 17, 5, 5, 
2020/11/7, , 24, 6, 8, 
2020/11/8, , 37, , 11, 
2020/11/9, , 51, 2, 7, 
2020/11/10, , 32, 5, 6, 
2020/11/11, , 16, 5, 8, 
2020/11/12, , 26, , 11, 
2020/11/13, , 54, 6, 9, 
2020/11/14, , 42, 3, 11, 
2020/11/15, , 42, , 15, 
2020/11/16, , 64, 4, 15, 
2020/11/17, , 70, 3, 5, 
2020/11/18, , 23, 6, 6, 
2020/11/19, , 13, 4, 7, 
2020/11/20, , 19, 3, 5, 
2020/11/21, , 17, 4, 7, 
2020/11/22, , 27, , 15, 
2020/11/23, , 61, 5, 7, 
2020/11/24, , 39, , 12, 
2020/11/25, , 64, , 16, 
2020/11/26, , 83, , 24, 
2020/11/27, , 91, , 20, 
2020/11/28, , 93, 2, 11, 
2020/11/29, , 63, 5, 5, 
2020/11/30, , 21, 2, 15, 
2020/12/1, , 71, 1, 17, 
2020/12/2, , 69, 3, 12, 
2020/12/3, , 37, 5, 7, 
2020/12/4, , 22, 8, 6, 
2020/12/5, , 28, 7, 3, 
2020/12/6, , 17, 7, 5, 
2020/12/7, , 9, 2, 7, 
2020/12/8, , 26, 3, 6, 
2020/12/9, , 20, 5, 10, 
2020/12/10, , 31, 6, 9, 
2020/12/11, , 26, 4, 6, 
2020/12/12, , 24, 3, 6, 
2020/12/13, , 29, 3, 4, 
2020/12/14, , 16, 3, 6, 
2020/12/15, , 22, 2, 13, 
2020/12/16, , 25, 3, 14, 
2020/12/17, , 33, 7, 16, 
2020/12/18, , 40, 4, 22, 
2020/12/19, , 60, 9, 11, 
2020/12/20, , 23, 11, 14, 
2020/12/21, , 27, 1, 17, 
2020/12/22, , 50, 10, 19, 
2020/12/23, , 46, 1, 21, 
2020/12/24, , 50, 15, 14, 
2020/12/25, , 27, 9, 10, 
2020/12/26, , 15, 7, 7, 
2020/12/27, , 11, 22, 8, 
2020/12/28, , 11, 27, 3, 
2020/12/29, , 6, 22, 11, 
2020/12/30, , 17, 22, 11, 
2020/12/31, , 23, 16, 15, 
2021/1/1, , 43, 14, 17, 
2021/1/2, , 31, 15, 10, 
2021/1/3, , 22, 8, 13, 
2020/7/1, , 15, 17, 5, 
2020/7/2, , 23, 15, 4, 
2020/7/3, , 18, 13, 2, 
2020/7/4, , 16, 11, 3, 
2020/7/5, , 19, 11, 4, 
2020/7/6, , 20, 11, 3, 
2020/7/7, , 14, 12, 3, 
2020/7/8, , 10, 13, 6, 
2020/7/9, , 18, 13, 5, 
2020/7/10, , 20, 11, 3, 
2020/7/11, , 16, 11, 2, 
2020/7/12, , 21, 10, 2, 
2020/7/13, , 11, 12, 4, 
2020/7/14, , 15, 11, 5, 
2020/7/15, , 32, 10, 6, 
2020/7/16, , 13, 12, 6, 
2020/7/17, , 20, 8, 4, 
2020/7/18, , 14, 8, 4, 
2020/7/19, , 18, 11, 3, 
2020/7/20, , 12, 12, 5, 
2020/7/21, , 15, 12, 6, 
2020/7/22, , 19, 15, 5, 
2020/7/23, , 20, 13, 5, 
2020/7/24, , 16, 12, 3, 
2020/7/25, , 17, 11, 3, 
2020/7/26, , 14, 10, 3, 
2020/7/27, , 16, 13, 3, 
2020/7/28, , 15, 15, 7, 
2020/7/29, , 22, 17, 7, 
2020/7/30, , 25, 14, 6, 
2020/7/31, , 24, 13, 3, 
2020/8/1, , 22, 14, 3, 
2020/8/2, , 14, 15, 3, 
2020/8/3, , 119, 14, 4, 
2020/8/4, , 655, 9, 4, 
2020/8/10, , 47, 14, 6, 
2020/8/11, , 24, 14, 5, 
2020/8/12, , 26, 14, 5, 
2020/8/13, , 17, 15, 7, 
2020/8/14, , 25, 13, 4, 
2020/8/15, , 21, 11, 3, 
2020/8/16, , 15, 13, 5, 
2020/8/17, , 22, 16, 6, 
2020/8/18, , 23, 12, 3, 
2020/8/19, , 11, 14, 2, 
2020/8/20, , 14, 14, 4, 
2020/8/21, , 16, 16, 6, 
2020/8/22, , 18, 18, 6, 
2020/8/23, , 20, 15, 5, 
2020/8/24, , 26, 12, 4, 
2020/8/25, , 23, 14, 3, 
2020/8/26, , 14, 12, 6, 
2020/8/27, , 16, 15, 8, 
2020/8/28, , 23, 18, 7, 
2020/8/29, , 24, 22, 8, 
2020/8/30, , 23, 18, 11, 
2020/8/31, , 28, 20, 9, 
2020/9/1, , 32, 15, 3, 
2020/9/2, , 18, 14, 3, 
2020/9/3, , 16, 15, 2, 
2020/9/4, , 14, 16, 3, 
2020/9/5, , 13, 18, 7, 
2020/9/6, , 19, 21, 7, 
2020/9/7, , 23, 17, 5, 
2020/9/8, , 29, 17, 6, 
2020/9/9, , 26, 17, 8, 
2020/9/10, , 30, 16, 8, 
2020/9/11, , 26, 17, 5, 
2020/9/12, , 20, 16, 6, 
2020/9/13, , 26, 16, 8, 
2020/9/14, , 32, 14, 6, 
2020/9/15, , 30, 11, 5, 
2020/9/16, , 26, 12, 7, 
2020/9/17, , 25, 14, 8, 
2020/9/18, , 31, 12, 4, 
2020/9/19, , 30, 13, 4, 
2020/9/20, , 18, 12, 7, 
2020/9/21, , 22, 14, 7, 
2020/9/22, , 23, 9, 9, 
2020/9/23, , 29, 4, 8, 
2020/9/24, , 22, 13, 8, 
2020/9/25, , 20, 11, 6, 
2020/9/26, , 12, 12, 5, 
2020/9/27, , 9, 11, 7, 
2020/9/28, , 17, 9, 4, 
2020/9/29, , 9, 11, 3, 
2020/9/30, , 7, 8, 6, 
2020/4/1, , 11, 9, 6, 
2020/4/2, , 14, 12, 11, 
2020/4/3, , 41, 13, 3, 
2020/4/4, , 18, 12, 2, 
2020/4/5, , 13, 12, 2, 
2020/4/6, , 20, 12, 3, 
2020/4/7, , 19, 13, 4, 
2020/4/8, , 18, 14, 7, 
2020/4/9, , 26, 17, 6, 
2020/4/10, , 29, 15, 4, 
2020/4/11, , 24, 15, 3, 
2020/4/12, , 29, 16, 4, 
2020/4/13, , 30, 13, 5, 
2020/4/14, , 28, 7, 3, 
2020/4/15, , 16, 12, 9, 
2020/4/16, , 26, 14, 6, 
2020/4/17, , 24, 17, 5, 
2020/4/18, , 18, 14, 4, 
2020/4/19, , 21, 12, 2, 
2020/4/20, , 19, 10, 2, 
2020/4/21, , 12, 11, 2, 
2020/4/22, , 11, 13, 3, 
2020/4/23, , 17, 14, 5, 
2020/4/24, , 19, 16, 5, 
2020/4/25, , 21, 14, 3, 
2020/4/26, , 25, 16, 3, 
2020/4/27, , 17, 15, 5, 
2020/4/28, , 21, 13, 3, 
2020/4/29, , 24, 11, 3, 
2020/4/30, , 14, 12, 2, 
2020/5/1, , 13, 10, 2, 
2020/5/2, , 9, 11, 1, 
2020/5/3, , 7, 12, 1, 
2020/5/4, , 12, 14, 4, 
2020/5/5, , 13, 11, 3, 
2020/5/6, , 13, 14, 1, 
2020/5/7, , 11, 15, 2, 
2020/5/8, , 12, 15, 5, 
2020/5/9, , 21, 16, 5, 
2020/5/10, , 19, 14, 5, 
2020/5/11, , 23, 13, 2, 
2020/5/12, , 21, 13, 3, 
2020/5/13, , 19, 10, 5, 
2020/5/14, , 32, 16, 3, 
2020/5/15, , 46, 12, 3, 
2020/5/16, , 50, 13, 3, 
2020/5/17, , 42, 13, 4, 
2020/5/18, , 39, 10, 4, 
2020/5/19, , 27, 11, 4, 
2020/5/20, , 31, 7, 2, 
2020/5/21, , 11, 14, 2, 
2020/5/22, , 7, 15, 3, 
2020/5/23, , 14, 11, 3, 
2020/5/24, , 20, 10, 2, 
2020/5/25, , 14, 9, 3, 
2020/5/26, , 10, 9, 3, 
2020/5/27, , 9, 10, 3, 
2020/5/28, , 10, 12, 3, 
2020/5/29, , 13, 14, 2, 
2020/5/30, , 12, 11, 2, 
2020/5/31, , 11, 10, 2, 
2020/6/1, , 13, 11, 2, 
2020/6/2, , 11, 13, 5, 
2020/6/3, , 11, 13, 5, 
2020/6/4, , 17, 12, 6, 
2020/6/5, , 17, 13, 6, 
2020/6/6, , 19, 15, 5, 
2020/6/7, , 18, 13, 5, 
2020/6/8, , 21, 11, 5, 
2020/6/9, , 18, 4, 6, 
2020/6/10, , 19, 9, 4, 
2020/6/11, , 11, 11, 3, 
2020/6/12, , 10, 10, 2, 
2020/6/13, , 18, 13, 3, 
2020/6/14, , 19, 14, 4, 
2020/6/15, , 17, 11, 4, 
2020/6/16, , 15, 10, 3, 
2020/6/17, , 12, 10, 4, 
2020/6/18, , 13, 12, 2, 
2020/6/19, , 11, 12, 2, 
2020/6/20, , 14, 11, 1, 
2020/6/21, , 12, 9, 1, 
2020/6/22, , 9, 4, 5, 
2020/6/23, , 10, 11, 2, 
2020/6/24, , 9, 10, 6, 
2020/6/25, , 20, 13, 5, 
2020/6/26, , 20, 18, 4, 
2020/6/27, , 21, 17, 5, 
2020/6/28, , 16, 18, 6, 
2020/6/29, , 21, 13, 4, 
2020/6/30, , 17, 15, 5, 
2020/1/1, , 31, 7, 4, 
2020/1/2, , 25, 5, 11, 
2020/1/3, , 41, 8, 10, 
2020/1/4, , 50, 8, 2, 
2020/1/5, , 13, 8, 5, 
2020/1/6, , 13, 7, 5, 
2020/1/7, , 24, 7, 8, 
2020/1/8, , 39, 4, 12, 
2020/1/9, , 50, , 21, 
2020/1/10, , 82, 8, 8, 
2020/1/11, , 49, 6, 6, 
2020/1/12, , 49, , 10, 
2020/1/13, , 54, , 12, 
2020/1/14, , 54, , 13, 
2020/1/15, , 78, , 17, 
2020/1/16, , 68, 8, 16, 
2020/1/17, , 53, 9, 4, 
2020/1/18, , 19, 7, 4, 
2020/1/19, , 27, 7, 4, 
2020/1/20, , 24, 7, 4, 
2020/1/21, , 29, 6, 12, 
2020/1/22, , 45, 7, 6, 
2020/1/23, , 39, 2, 14, 
2020/1/24, , 59, 5, 16, 
2020/1/25, , 80, 2, 16, 
2020/1/26, , 65, 6, 12, 
2020/1/27, , 55, 9, 5, 
2020/1/28, , 19, 10, 8, 
2020/1/29, , 23, 8, 4, 
2020/1/30, , 14, 12, 7, 
2020/1/31, , 20, 10, 5, 
2020/2/1, , 18, 8, 8, 
2020/2/2, , 37, 9, 7, 
2020/2/3, , 24, 10, 7, 
2020/2/4, , 16, 8, 3, 
2020/2/5, , 11, 9, 4, 
2020/2/6, , 10, 8, 3, 
2020/2/7, , 16, 9, 5, 
2020/2/8, , 24, 5, 17, 
2020/2/9, , 65, 13, 20, 
2020/2/10, , 87, 10, 9, 
2020/2/11, , 18, 12, 7, 
2020/2/12, , 14, 6, 11, 
2020/2/13, , 29, 2, 15, 
2020/2/14, , 51, 8, 6, 
2020/2/15, , 25, 9, 10, 
2020/2/16, , 38, 3, 16, 
2020/2/17, , 59, 11, 9, 
2020/2/18, , 46, 8, 3, 
2020/2/19, , 28, 7, 4, 
2020/2/20, , 22, 10, 3, 
2020/2/21, , 13, 8, 2, 
2020/2/22, , 15, 7, 9, 
2020/2/23, , 29, 10, 9, 
2020/2/24, , 31, 7, 11, 
2020/2/25, , 35, 13, 7, 
2020/2/26, , 27, 14, 1, 
2020/2/27, , 14, 9, 7, 
2020/2/28, , 14, 10, 5, 
2020/2/29, , 19, 9, 11, 
2020/3/1, , 44, 11, 7, 
2020/3/2, , 30, 11, 4, 
2020/3/3, , 21, 8, 6, 
2020/3/4, , 20, 8, 5, 
2020/3/5, , 16, 4, 13, 
2020/3/6, , 41, 9, 8, 
2020/3/7, , 22, 9, 2, 
2020/3/8, , 10, 7, 4, 
2020/3/9, , 12, 10, 3, 
2020/3/10, , 9, 11, 3, 
2020/3/11, , 13, 9, 8, 
2020/3/12, , 19, 11, 12, 
2020/3/13, , 39, 9, 2, 
2020/3/14, , 15, 8, 2, 
2020/3/15, , 10, 9, 4, 
2020/3/16, , 8, 13, 8, 
2020/3/17, , 32, 13, 4, 
2020/3/18, , 24, 14, 8, 
2020/3/19, , 35, 14, 12, 
2020/3/20, , 41, 14, 7, 
2020/3/21, , 34, 12, 2, 
2020/3/22, , 28, 9, 2, 
2020/3/23, , 14, 7, 3, 
2020/3/24, , 9, 8, 3, 
2020/3/25, , 9, 8, 4, 
2020/3/26, , 11, 8, 3, 
2020/3/27, , 64, 11, 4, 
2020/3/28, , 88, 14, 4, 
2020/3/29, , 61, 15, 4, 
2020/3/30, , 46, 10, 2, 
2020/3/31, , 27, 8, 3, 
2019/11/15, , 47, 1, 9, 
2019/11/16, , 28, 9, 5, 
2019/11/17, , 32, 7, 8, 
2019/11/18, , 28, 4, 9, 
2019/11/19, , 31, 6, 8, 
2019/11/20, , 24, 3, 9, 
2019/11/21, , 7, 5, 6, 
2019/11/22, , 7, 4, 5, 
2019/11/23, , 16, 6, 4, 
2019/11/24, , 16, 6, 6, 
2019/11/25, , 9, 2, 6, 
2019/11/26, , 42, , 9, 
2019/11/27, , 38, 1, 10, 
2019/11/28, , 13, 7, 6, 
2019/11/29, , 17, 9, 6, 
2019/11/30, , 21, 9, 5, 
2019/12/1, , 58, 1, 14, 
2019/12/2, , 33, 5, 7, 
2019/12/3, , 26, 5, 9, 
2019/12/4, , 52, , 13, 
2019/12/5, , 95, 3, 19, 
2019/12/6, , 77, , 18, 
2019/12/7, , 75, 3, 13, 
2019/12/8, , 75, , 16, 
2019/12/9, , 75, , 19, 
2019/12/10, , 56, 2, 13, 
2019/12/11, , 19, 5, 9, 
2019/12/12, , 36, 1, 11, 
2019/12/13, , 25, 4, 9, 
2019/12/14, , 34, 5, 10, 
2019/12/15, , 65, , 16, 
2019/12/16, , 87, , 19, 
2019/12/17, , 110, , 22, 
2019/12/18, , 132, , 28, 
2019/12/19, , 90, , 18, 
2019/12/20, , 30, 10, 9, 
2019/12/21, , 24, 9, 6, 
2019/12/22, , 9, 9, 4, 
2019/12/23, , 7, 6, 2, 
2019/12/24, , 6, 7, 1, 
2019/12/25, , 9, 7, 2, 
2019/12/26, , 8, 7, 2, 
2019/12/27, , 13, 7, 2, 
2019/12/28, , 13, 4, 2, 
2018/11/19, , 16, 1, 17, 
2018/4/1, , 10, 31, 4, 
2018/4/2, , 11, 26, 9, 
2018/4/3, , 30, 26, 21, 
2018/4/4, , 35, 22, 23, 
2018/4/5, , 52, 16, 25, 
2018/4/6, , 17, 18, 6, 
2018/4/7, , 12, 24, 5, 
2018/4/8, , 23, 29, 11, 
2018/4/9, , 20, 31, 8, 
2018/4/10, , 30, 25, 18, 
2018/4/11, , 42, 26, 22, 
2018/4/12, , 43, 29, 19, 
2018/4/13, , 44, 24, 16, 
2018/4/14, , 47, 29, 15, 
2018/4/15, , 30, 28, 8, 
2018/4/16, , 29, 27, 16, 
2018/4/17, , 33, 18, 16, 
2018/4/18, , 26, 23, 10, 
2018/4/19, , 28, 32, 7, 
2018/4/20, , 19, 27, 11, 
2018/4/21, , 24, 32, 15, 
2018/4/22, , 25, 33, 13, 
2018/4/23, , 29, 37, 19, 
2018/4/24, , 34, 34, 18, 
2018/4/25, , 29, 36, 14, 
2018/4/26, , 33, 31, 18, 
2018/4/27, , 35, 20, 18, 
2018/4/28, , 35, 29, 9, 
2018/4/29, , 25, 30, 6, 
2018/4/30, , 25, 23, 14, 
2018/5/1, , 39, 29, 14, 
2018/5/2, , 26, 26, 13, 
2018/5/3, , 40, 23, 15, 
2018/5/4, , 28, 26, 10, 
2018/5/5, , 27, 32, 12, 
2018/5/6, , 24, 33, 7, 
2018/5/7, , 23, 26, 8, 
2018/5/8, , 18, 31, 9, 
2018/5/9, , 19, 37, 10, 
2018/5/10, , 26, 24, 13, 
2018/5/11, , 20, 23, 11, 
2018/5/12, , 22, 27, 12, 
2018/5/13, , 17, 24, 9, 
2018/5/14, , 24, 18, 16, 
2018/1/9, , 9, 6, 15, 
2018/1/10, , 12, 1, 18, 
2018/1/11, , 42, 4, 14, 
2018/1/12, , 23, 9, 10, 
2018/1/13, , 10, 12, 8, 
2018/1/14, , 12, 12, 14, 
2018/1/15, , 19, 7, 25, 
2018/1/16, , 52, 19, 16, 
2018/1/17, , 13, 18, 9, 
2018/1/18, , 9, 5, 31, 
2018/1/19, , 47, 11, 19, 
2018/1/20, , 56, 14, 13, 
2018/1/21, , 20, 15, 8, 
2018/1/22, , 18, 18, 19, 
2018/1/23, , 31, 17, 17, 
2018/1/24, , 33, 4, 38, 
2018/1/25, , 89, 2, 57, 
2018/1/26, , 141, 3, 57, 
2018/1/27, , 145, 16, 37, 
2018/1/28, , 183, 19, 22, 
2018/1/29, , 36, 17, 23, 
2018/1/30, , 38, 15, 26, 
2018/1/31, , 40, 12, 27, 
2018/2/1, , 51, 20, 16, 
2018/2/2, , 33, 21, 6, 
2018/2/3, , 16, 20, 6, 
2018/2/4, , 11, 20, 12, 
2018/2/5, , 27, 15, 20, 
2018/2/6, , 40, 16, 12, 
2018/2/7, , 27, 9, 20, 
2018/2/8, , 40, 17, 13, 
2018/2/9, , 27, 10, 18, 
2018/2/10, , 41, 12, 10, 
2018/2/11, , 12, 14, 19, 
2018/2/12, , 31, 8, 20, 
2018/2/13, , 43, 15, 10, 
2018/2/14, , 15, 20, 12, 
2018/2/15, , 23, 13, 25, 
2018/2/16, , 47, 19, 22, 
2018/2/17, , 58, 14, 18, 
2018/2/18, , 56, 13, 14, 
2018/2/19, , 16, 19, 9, 
2018/2/20, , 11, 19, 10, 
2018/2/21, , 12, 17, 11, 
2018/2/22, , 11, 13, 12, 
2018/2/23, , 12, 10, 9, 
2018/2/24, , 20, 19, 8, 
2018/2/25, , 26, 20, 13, 
2018/2/26, , 18, 24, 17, 
2018/2/27, , 34, 29, 9, 
2018/2/28, , 33, 27, 28, 
2018/3/1, , 55, 27, 34, 
2018/3/2, , 59, 28, 11, 
2018/3/3, , 16, 23, 12, 
2018/3/4, , 24, 21, 11, 
2018/3/5, , 21, 21, 17, 
2018/3/6, , 23, 27, 13, 
2018/3/7, , 19, 20, 18, 
2018/3/8, , 34, 28, 14, 
2018/3/9, , 16, 13, 29, 
2018/3/10, , 55, 23, 27, 
2018/3/11, , 50, 20, 21, 
2018/3/12, , 43, 25, 7, 
2018/3/13, , 13, 23, 12, 
2018/3/14, , 14, 23, 13, 
2018/3/15, , 21, 9, 25, 
2018/3/16, , 43, 25, 11, 
2018/3/17, , 26, 26, 7, 
2018/3/18, , 68, 9, 12, 
2018/3/19, , 13, 15, 14, 
2018/3/20, , 19, 18, 14, 
2018/3/21, , 35, 23, 14, 
2018/3/22, , 18, 25, 13, 
2018/3/23, , 14, 29, 11, 
2018/3/24, , 19, 21, 10, 
2018/3/25, , 18, 20, 13, 
2018/3/26, , 15, 21, 10, 
2018/3/27, , 25, 30, 13, 
2018/3/28, , 27, 24, 27, 
2018/3/29, , 41, 24, 22, 
2018/3/30, , 35, 25, 16, 
2018/3/31, , 31, 31, 4, 
2026/2/11, , , 7, 20, 
2026/2/22, , , 10, 17, 
2025/12/31, , , 21, 12, 
2026/1/18, , , 11, 13, 
2026/1/24, , , 2, 18, 
2025/7/13, , , 41, 10, 
2025/8/5, , , 16, 2, 
2025/8/17, , , 29, 4, 
2025/8/30, , , 24, 4, 
2025/5/18, , , 25, 5, 
2025/5/31, , , 22, 12, 
2025/6/7, , , 14, 5, 
2024/12/31, , , , 12, 
2025/3/3, , , 10, 10, 
2024/2/21, , , 3, 16, 
2023/11/28, , , 6, 9, 
2023/12/16, , , 3, 6, 
2023/12/24, , , 5, 8, 
2023/12/25, , , 2, 10, 
2023/8/26, , , 29, , 
2023/8/27, , , 37, 11, 
2023/9/24, , , 10, 5, 
2023/9/25, , , 11, 4, 
2023/6/3, , , 1, 6, 
2022/5/30, , , 19, 11, 
2021/7/18, , , 27, 8, 
2021/9/5, , , 22, 7, 
2020/8/5, , , 3, 4, 
2020/8/6, , , 4, 4, 
2020/8/7, , , 1, 4, 
2020/8/8, , , 1, 3, 
2020/8/9, , , 8, 6, 
2019/12/31, , , 7, 2, 
2018/12/31, , , 19, 15, 
2018/1/8, , , 4, 28, 