date, pm25, pm10, o3
2026/3/1, 14, , 
2026/3/2, 16, , 
2026/3/3, 11, , 
2026/3/4, 8, , 
2026/3/5, 13, , 
2026/3/6, 2, , 
2026/3/7, 11, , 
2026/3/8, 10, , 
2026/3/9, 12, , 
2026/3/10, 10, , 
2026/3/11, 12, , 
2026/3/12, 13, , 
2026/3/13, 12, , 
2026/3/14, 12, , 
2026/3/15, 16, , 
2026/3/16, 18, , 
2026/3/17, 15, , 
2026/3/18, 26, , 
2026/3/19, 16, , 
2026/3/20, 21, , 
2026/3/21, 18, , 
2026/3/22, 15, , 
2026/3/23, 12, , 
2026/3/24, 11, , 
2026/2/2, 16, , 
2026/2/3, 20, , 
2026/2/4, 28, , 
2026/2/5, 23, , 
2026/2/6, 22, , 
2026/2/7, 21, , 
2026/2/8, 16, , 
2026/2/9, 8, , 
2026/2/10, 10, , 
2026/2/11, 9, , 
2026/2/12, 11, , 
2026/2/13, 9, , 
2026/2/14, 13, , 
2026/2/15, 9, , 
2026/2/16, 8, , 
2026/2/17, 9, , 
2026/2/18, 4, , 
2026/2/19, 9, , 
2026/2/20, 15, , 
2026/2/21, 29, , 
2026/2/22, 12, , 
2026/2/23, 27, , 
2026/2/24, 9, , 
2026/2/25, 13, , 
2026/2/26, 16, , 
2026/2/27, 14, , 
2026/2/28, 12, , 
2026/1/1, 30, , 
2026/1/2, 15, , 
2026/1/3, 7, , 
2026/1/4, 14, , 
2026/1/5, 11, , 
2026/1/6, 23, , 
2026/1/7, 15, , 
2026/1/8, 12, , 
2026/1/9, 24, , 
2026/1/10, 22, , 
2026/1/11, 25, , 
2026/1/12, 25, , 
2026/1/13, 24, , 
2026/1/14, 25, , 
2026/1/15, 22, , 
2026/1/16, 23, , 
2026/1/17, 17, , 
2026/1/18, 29, , 
2026/1/19, 24, , 
2026/1/20, 25, , 
2026/1/21, 31, , 
2026/1/22, 27, , 
2026/1/23, 28, , 
2026/1/24, 14, , 
2026/1/25, 13, , 
2026/1/26, 23, , 
2026/1/27, 23, , 
2026/1/28, 19, , 
2026/1/29, 26, , 
2026/1/30, 25, , 
2026/1/31, 22, , 
2025/10/1, 12, , 
2025/10/2, 11, , 
2025/10/3, 11, , 
2025/10/4, 17, , 
2025/10/5, 14, , 
2025/10/6, 17, , 
2025/10/7, 17, , 
2025/10/8, 17, , 
2025/10/9, 48, , 
2025/10/10, 11, , 
2025/10/11, 11, , 
2025/10/12, 25, , 
2025/10/13, 13, , 
2025/10/14, 9, , 
2025/10/15, 11, , 
2025/10/16, 14, , 
2025/10/17, 18, , 
2025/10/18, 16, , 
2025/10/19, 15, , 
2025/10/20, 18, , 
2025/10/21, 18, , 
2025/10/22, 35, , 
2025/10/23, 15, , 
2025/10/24, 20, , 
2025/10/25, 14, , 
2025/10/26, 8, , 
2025/10/27, 49, , 
2025/10/29, 24, , 
2025/10/30, 15, , 
2025/10/31, 13, , 
2025/11/1, 18, , 
2025/11/2, 22, , 
2025/11/3, 19, , 
2025/11/4, 18, , 
2025/11/5, 12, , 
2025/11/6, 24, , 
2025/11/7, 15, , 
2025/11/8, 16, , 
2025/11/9, 14, , 
2025/11/10, 15, , 
2025/11/11, 19, , 
2025/11/12, 16, , 
2025/11/13, 12, , 
2025/11/14, 13, , 
2025/11/15, 14, , 
2025/11/16, 9, , 
2025/11/17, 10, , 
2025/11/18, 11, , 
2025/11/19, 24, , 
2025/11/20, 13, , 
2025/11/21, 17, , 
2025/11/22, 21, , 
2025/11/23, 13, , 
2025/11/24, 17, , 
2025/11/25, 23, , 
2025/11/26, 28, , 
2025/11/27, 25, , 
2025/11/28, 12, , 
2025/11/29, 17, , 
2025/11/30, 19, , 
2025/12/1, 20, , 
2025/12/2, 17, , 
2025/12/3, 19, , 
2025/12/4, 17, , 
2025/12/5, 16, , 
2025/12/6, 19, , 
2025/12/7, 23, , 
2025/12/8, 11, , 
2025/12/9, 20, , 
2025/12/10, 18, , 
2025/12/11, 19, , 
2025/12/12, 14, , 
2025/12/13, 21, , 
2025/12/14, 21, , 
2025/12/15, 28, , 
2025/12/16, 18, , 
2025/12/17, 20, , 
2025/12/18, 12, , 
2025/12/19, 10, , 
2025/12/20, 12, , 
2025/12/21, 5, , 
2025/12/22, 20, , 
2025/12/23, 16, , 
2025/12/24, 10, , 
2025/12/25, 9, , 
2025/12/26, 7, , 
2025/12/27, 32, , 
2025/12/28, 25, , 
2025/7/1, 28, , 
2025/7/2, 30, , 
2025/7/3, 25, , 
2025/7/4, 13, , 
2025/7/5, 14, , 
2025/7/6, 13, , 
2025/7/7, 23, , 
2025/7/8, 22, , 
2025/7/9, 16, , 
2025/7/10, 35, , 
2025/7/11, 53, , 
2025/7/12, 55, , 
2025/7/13, 56, , 
2025/7/14, 48, , 
2025/7/15, 22, , 
2025/7/16, 27, , 
2025/7/17, 34, , 
2025/7/18, 20, , 
2025/7/19, 22, , 
2025/7/20, 19, , 
2025/7/21, 19, , 
2025/7/22, 13, , 
2025/7/23, 17, , 
2025/7/24, 23, , 
2025/7/25, 29, , 
2025/7/26, 25, , 
2025/7/27, 13, , 
2025/7/28, 19, , 
2025/7/29, 24, , 
2025/7/30, 19, , 
2025/7/31, 30, , 
2025/8/1, 22, , 
2025/8/2, 18, , 
2025/8/3, 14, , 
2025/8/4, 15, , 
2025/8/5, 15, , 
2025/8/6, 14, , 
2025/8/7, 18, , 
2025/8/8, 19, , 
2025/8/9, 26, , 
2025/8/10, 28, , 
2025/8/11, 32, , 
2025/8/12, 30, , 
2025/8/13, 21, , 
2025/8/14, 20, , 
2025/8/15, 24, , 
2025/8/16, 24, , 
2025/8/17, 21, , 
2025/8/18, 15, , 
2025/8/19, 17, , 
2025/8/20, 22, , 
2025/8/21, 27, , 
2025/8/22, 32, , 
2025/8/23, 37, , 
2025/8/24, 30, , 
2025/8/25, 24, , 
2025/8/26, 28, , 
2025/8/27, 27, , 
2025/8/28, 25, , 
2025/8/29, 25, , 
2025/8/30, 34, , 
2025/8/31, 40, , 
2025/9/1, 23, , 
2025/9/2, 28, , 
2025/9/3, 30, , 
2025/9/4, 36, , 
2025/9/5, 33, , 
2025/9/6, 38, , 
2025/9/7, 29, , 
2025/9/8, 17, , 
2025/9/9, 13, , 
2025/9/10, 15, , 
2025/9/11, 15, , 
2025/9/12, 19, , 
2025/9/13, 19, , 
2025/9/14, 19, , 
2025/9/15, 18, , 
2025/9/16, 24, , 
2025/9/17, 27, , 
2025/9/18, 27, , 
2025/9/19, 22, , 
2025/9/20, 26, , 
2025/9/21, 21, , 
2025/9/22, 23, , 
2025/9/23, 19, , 
2025/9/24, 17, , 
2025/9/25, 23, , 
2025/9/26, 24, , 
2025/9/27, 26, , 
2025/9/28, 31, , 
2025/9/29, 23, , 
2025/9/30, 15, , 
2025/4/1, 7, , 
2025/4/2, 11, , 
2025/4/3, 17, , 
2025/4/4, 11, , 
2025/4/5, 12, , 
2025/4/6, 17, , 
2025/4/7, 10, , 
2025/4/8, 12, , 
2025/4/9, 16, , 
2025/4/10, 22, , 
2025/4/14, 19, , 
2025/4/15, 22, , 
2025/4/16, 17, , 
2025/4/17, 18, , 
2025/4/18, 12, , 
2025/4/19, 15, , 
2025/4/20, 17, , 
2025/4/21, 16, , 
2025/4/22, 24, , 
2025/4/23, 19, , 
2025/4/24, 21, , 
2025/4/25, 26, , 
2025/4/26, 17, , 
2025/4/27, 11, , 
2025/4/28, 18, , 
2025/4/29, 21, , 
2025/4/30, 21, , 
2025/5/1, 16, , 
2025/5/2, 20, , 
2025/5/3, 16, , 
2025/5/4, 10, , 
2025/5/5, 13, , 
2025/5/6, 13, , 
2025/5/7, 17, , 
2025/5/8, 20, , 
2025/5/9, 24, , 
2025/5/10, 23, , 
2025/5/11, 17, , 
2025/5/12, 10, , 
2025/5/13, 9, , 
2025/5/14, 10, , 
2025/5/15, 17, , 
2025/5/16, 21, , 
2025/5/17, 17, , 
2025/5/18, 17, , 
2025/5/19, 13, , 
2025/5/20, 12, , 
2025/5/21, 19, , 
2025/5/22, 15, , 
2025/5/23, 14, , 
2025/5/24, 21, , 
2025/5/25, 19, , 
2025/5/26, 17, , 
2025/5/27, 19, , 
2025/5/28, 19, , 
2025/5/29, 21, , 
2025/5/30, 29, , 
2025/5/31, 25, , 
2025/6/1, 16, , 
2025/6/2, 22, , 
2025/6/3, 24, , 
2025/6/4, 23, , 
2025/6/5, 28, , 
2025/6/6, 30, , 
2025/6/7, 38, , 
2025/6/8, 30, , 
2025/6/9, 25, , 
2025/6/10, 28, , 
2025/6/11, 20, , 
2025/6/12, 19, , 
2025/6/13, 15, , 
2025/6/14, 17, , 
2025/6/15, 16, , 
2025/6/16, 17, , 
2025/6/17, 23, , 
2025/6/18, 23, , 
2025/6/19, 17, , 
2025/6/20, 19, , 
2025/6/21, 17, , 
2025/6/22, 12, , 
2025/6/23, 11, , 
2025/6/24, 19, , 
2025/6/25, 20, , 
2025/6/26, 18, , 
2025/6/27, 23, , 
2025/6/28, 33, , 
2025/6/29, 32, , 
2025/6/30, 33, , 
2025/1/1, 6, , 
2025/1/2, 10, , 
2025/1/3, 8, , 
2025/1/4, 20, , 
2025/1/5, 17, , 
2025/1/6, 9, , 
2025/1/7, 15, , 
2025/1/8, 21, , 
2025/1/9, 22, , 
2025/1/10, 16, , 
2025/1/11, 13, , 
2025/1/12, 11, , 
2025/1/13, 8, , 
2025/1/14, 29, , 
2025/1/15, 14, , 
2025/1/16, 11, , 
2025/1/17, 12, , 
2025/1/18, 13, , 
2025/1/22, 37, , 
2025/1/23, 12, , 
2025/1/24, 19, , 
2025/1/25, 7, , 
2025/1/26, 11, , 
2025/1/27, 15, , 
2025/1/28, 11, , 
2025/1/29, 13, , 
2025/1/30, 22, , 
2025/1/31, 12, , 
2025/2/1, 7, , 
2025/2/2, 1, , 
2025/2/4, 13, , 
2025/2/5, 16, , 
2025/2/6, 17, , 
2025/2/7, 10, , 
2025/2/8, 2, , 
2025/2/9, 9, , 
2025/2/10, 7, , 
2025/2/11, 10, , 
2025/2/12, 23, , 
2025/2/13, 6, , 
2025/2/14, 12, , 
2025/2/15, 16, , 
2025/2/16, 10, , 
2025/2/17, 15, , 
2025/2/18, 10, , 
2025/2/19, 9, , 
2025/2/20, 18, , 
2025/2/21, 15, , 
2025/2/22, 13, , 
2025/2/23, 12, , 
2025/2/24, 13, , 
2025/2/25, 8, , 
2025/2/26, 13, , 
2025/2/27, 11, , 
2025/2/28, 13, , 
2025/3/1, 13, , 
2025/3/2, 9, , 
2025/3/3, 5, , 
2025/3/4, 10, , 
2025/3/5, 12, , 
2025/3/6, 7, , 
2025/3/7, 11, , 
2025/3/8, 13, , 
2025/3/9, 12, , 
2025/3/10, 16, , 
2025/3/11, 13, , 
2025/3/12, 9, 1, 
2025/3/13, 3, , 
2025/3/14, 8, , 
2025/3/15, 13, , 
2025/3/16, 6, , 
2025/3/17, 4, , 
2025/3/18, 10, , 
2025/3/19, 22, , 
2025/3/20, 8, , 
2025/3/21, 8, , 
2025/3/22, 10, , 
2025/3/23, 8, , 
2025/3/24, 9, , 
2025/3/25, 9, , 
2025/3/26, 11, , 
2025/3/27, 9, , 
2025/3/28, 7, , 
2025/3/29, 13, , 
2025/3/30, 15, , 
2025/3/31, 6, , 
2024/10/1, 25, , 
2024/10/2, 23, , 
2024/10/3, 17, , 
2024/10/4, 21, , 
2024/10/5, 32, , 
2024/10/6, 26, , 
2024/10/7, 24, , 
2024/10/8, 22, , 
2024/10/9, 17, , 
2024/10/10, 21, , 
2024/10/11, 15, , 
2024/10/12, 19, , 
2024/10/13, 17, , 
2024/10/14, 18, , 
2024/10/15, 21, , 
2024/10/16, 15, , 
2024/10/17, 13, , 
2024/10/18, 9, , 
2024/10/19, 17, , 
2024/10/20, 12, , 
2024/10/21, 13, , 
2024/10/22, 4, , 
2024/10/24, 16, , 
2024/10/25, 16, , 
2024/10/26, 15, , 
2024/10/27, 14, , 
2024/10/28, 7, , 
2024/10/29, 7, , 
2024/10/30, 16, , 
2024/10/31, 10, , 
2024/11/1, 24, , 
2024/11/2, 11, , 
2024/11/3, 13, , 
2024/11/4, 10, , 
2024/11/5, 6, , 
2024/11/6, 12, , 
2024/11/7, 32, , 
2024/11/8, 108, , 
2024/11/9, 74, , 
2024/11/10, 30, , 
2024/11/11, 18, , 
2024/11/12, 10, , 
2024/11/13, 8, , 
2024/11/14, 21, , 
2024/11/15, 12, , 
2024/11/16, 10, , 
2024/11/17, 13, , 
2024/11/18, 3, , 
2024/11/21, 9, , 
2024/11/22, 14, , 
2024/11/23, 8, , 
2024/11/24, 9, , 
2024/11/25, 7, , 
2024/11/26, 15, , 
2024/11/27, 9, , 
2024/11/28, 9, , 
2024/11/29, 13, , 
2024/11/30, 14, , 
2024/12/1, 20, , 
2024/12/2, 20, , 
2024/12/3, 20, , 
2024/12/4, 21, , 
2024/12/5, 17, , 
2024/12/6, 19, , 
2024/12/7, 14, , 
2024/12/8, 12, , 
2024/12/9, 17, , 
2024/12/10, 19, , 
2024/12/11, 23, , 
2024/12/12, 16, , 
2024/12/13, 13, , 
2024/12/14, 4, , 
2024/12/15, 23, , 
2024/12/16, 9, , 
2024/12/17, 20, , 
2024/12/18, 26, , 
2024/12/19, 43, , 
2024/12/20, 43, , 
2024/12/21, 26, , 
2024/12/22, 10, , 
2024/12/23, 11, , 
2024/12/24, 10, , 
2024/12/25, 13, , 
2024/12/26, 7, , 
2024/12/27, 11, , 
2024/12/28, 11, , 
2024/12/29, 7, , 
2024/7/1, 19, , 
2024/7/2, 20, , 
2024/7/3, 28, , 
2024/7/4, 33, , 
2024/7/5, 36, , 
2024/7/6, 28, , 
2024/7/7, 30, , 
2024/7/8, 43, , 
2024/7/9, 20, , 
2024/7/10, 21, , 
2024/7/11, 42, , 
2024/7/12, 32, , 
2024/7/13, 27, , 
2024/7/14, 32, , 
2024/7/15, 27, , 
2024/7/16, 26, , 
2024/7/17, 16, , 
2024/7/18, 24, , 
2024/7/19, 25, , 
2024/7/20, 33, , 
2024/7/21, 26, , 
2024/7/22, 39, , 
2024/7/23, 31, , 
2024/7/24, 21, , 
2024/7/25, 21, , 
2024/7/26, 18, , 
2024/8/28, 15, , 
2024/8/29, 24, , 
2024/8/30, 27, , 
2024/8/31, 18, , 
2024/9/1, 20, , 
2024/9/2, 15, , 
2024/9/3, 16, , 
2024/9/4, 34, , 
2024/9/5, 35, , 
2024/9/6, 36, , 
2024/9/9, 15, , 
2024/9/10, 16, , 
2024/9/11, 13, , 
2024/9/12, 20, , 
2024/9/13, 19, , 
2024/9/14, 19, , 
2024/9/15, 16, , 
2024/9/16, 14, , 
2024/9/17, 18, , 
2024/9/18, 19, , 
2024/9/19, 20, , 
2024/9/20, 20, , 
2024/9/21, 25, , 
2024/9/22, 25, , 
2024/9/23, 20, , 
2024/9/24, 20, , 
2024/9/25, 24, , 
2024/9/26, 19, , 
2024/9/27, 22, , 
2024/9/28, 20, , 
2024/9/29, 23, , 
2024/9/30, 28, , 
2024/4/1, 14, , 
2024/4/2, 21, , 
2024/4/3, 18, , 
2024/4/4, 11, , 
2024/4/5, 14, , 
2024/4/6, 15, , 
2024/4/7, 15, , 
2024/4/8, 17, , 
2024/4/9, 19, , 
2024/4/10, 28, , 
2024/4/11, 14, , 
2024/4/12, 19, , 
2024/4/13, 16, , 
2024/4/14, 10, , 
2024/4/15, 10, , 
2024/4/16, 21, , 
2024/4/17, 15, , 
2024/4/18, 15, , 
2024/4/19, 15, , 
2024/4/20, 14, , 
2024/4/21, 16, , 
2024/4/22, 17, , 
2024/4/23, 36, , 
2024/4/24, 30, , 
2024/4/25, 29, , 
2024/4/26, 14, , 
2024/4/27, 13, , 
2024/4/28, 15, , 
2024/4/29, 19, , 
2024/4/30, 20, , 
2024/5/1, 17, , 
2024/5/2, 22, , 
2024/5/3, 14, , 
2024/5/4, 16, , 
2024/5/5, 19, , 
2024/5/6, 15, , 
2024/5/7, 17, , 
2024/5/8, 10, , 
2024/5/9, 14, , 
2024/5/10, 12, , 
2024/5/11, 14, , 
2024/5/12, 19, , 
2024/5/13, 16, , 
2024/5/14, 17, , 
2024/5/15, 22, , 
2024/5/16, 16, , 
2024/5/17, 16, , 
2024/5/18, 31, , 
2024/5/19, 26, , 
2024/5/20, 17, , 
2024/5/21, 13, , 
2024/5/22, 21, , 
2024/5/23, 17, , 
2024/5/24, 23, , 
2024/5/25, 21, , 
2024/5/26, 16, , 
2024/5/27, 16, , 
2024/5/28, 14, , 
2024/5/29, 18, , 
2024/5/30, 16, , 
2024/5/31, 14, , 
2024/6/1, 23, , 
2024/6/2, 18, , 
2024/6/3, 10, , 
2024/6/4, 19, , 
2024/6/5, 18, , 
2024/6/6, 26, , 
2024/6/7, 17, , 
2024/6/8, 16, , 
2024/6/9, 15, , 
2024/6/10, 27, , 
2024/6/11, 27, , 
2024/6/12, 19, , 
2024/6/13, 19, , 
2024/6/14, 17, , 
2024/6/15, 16, , 
2024/6/16, 12, , 
2024/6/17, 10, , 
2024/6/18, 12, , 
2024/6/19, 18, , 
2024/6/20, 30, , 
2024/6/21, 26, , 
2024/6/22, 24, , 
2024/6/23, 28, , 
2024/6/24, 17, , 
2024/6/25, 23, , 
2024/6/26, 15, , 
2024/6/27, 13, , 
2024/6/28, 13, , 
2024/6/29, 18, , 
2024/6/30, 28, , 
2024/1/3, 19, , 
2024/1/4, 18, , 
2024/1/5, 22, , 
2024/1/6, 29, , 
2024/1/7, 40, , 
2024/1/8, 59, , 
2024/1/9, 19, , 
2024/1/10, 12, , 
2024/1/11, 23, , 
2024/1/12, 31, , 
2024/1/13, 16, , 
2024/1/14, 10, , 
2024/1/15, 30, , 
2024/1/16, 34, , 
2024/1/17, 17, , 
2024/1/18, 31, , 
2024/1/19, 36, , 
2024/1/20, 14, , 
2024/1/21, 14, , 
2024/1/22, 19, , 
2024/1/23, 19, , 
2024/1/24, 18, , 
2024/1/25, 18, , 
2024/1/26, 28, , 
2024/1/27, 25, , 
2024/1/28, 26, , 
2024/1/29, 30, , 
2024/1/30, 28, , 
2024/1/31, 18, , 
2024/2/1, 17, , 
2024/2/2, 15, , 
2024/2/3, 16, , 
2024/2/4, 22, , 
2024/2/5, 16, , 
2024/2/6, 30, , 
2024/2/7, 18, , 
2024/2/8, 11, , 
2024/2/9, 24, , 
2024/2/10, 20, , 
2024/2/11, 26, , 
2024/2/12, 36, , 
2024/2/13, 34, , 
2024/2/14, 21, , 
2024/2/15, 18, , 
2024/2/16, 24, , 
2024/2/17, 31, , 
2024/2/18, 9, , 
2024/2/19, 13, , 
2024/2/20, 11, , 
2024/2/21, 30, , 
2024/2/22, 18, , 
2024/2/23, 23, , 
2024/2/24, 24, , 
2024/2/25, 24, , 
2024/2/26, 17, , 
2024/2/27, 17, , 
2024/2/28, 20, , 
2024/2/29, 12, , 
2024/3/1, 9, , 
2024/3/2, 8, , 
2024/3/3, 5, , 
2024/3/4, 11, , 
2024/3/5, 9, , 
2024/3/6, 17, , 
2024/3/7, 19, , 
2024/3/8, 32, , 
2024/3/9, 30, , 
2024/3/10, 16, , 
2024/3/11, 10, , 
2024/3/12, 10, , 
2024/3/13, 9, , 
2024/3/14, 18, , 
2024/3/15, 15, , 
2024/3/16, 17, , 
2024/3/17, 21, , 
2024/3/18, 18, , 
2024/3/19, 21, , 
2024/3/20, 19, , 
2024/3/21, 21, , 
2024/3/22, 19, , 
2024/3/23, 7, , 
2024/3/24, 11, , 
2024/3/25, 13, , 
2024/3/26, 19, , 
2024/3/27, 14, , 
2024/3/28, 14, , 
2024/3/29, 22, , 
2024/3/30, 14, , 
2024/3/31, 14, , 
2023/10/1, 18, , 
2023/10/2, 22, , 
2023/10/3, 14, , 
2023/10/4, 15, , 
2023/10/5, 18, , 
2023/10/6, 26, , 
2023/10/7, 25, , 
2023/10/8, 39, , 
2023/10/9, 31, , 
2023/10/10, 18, , 
2023/10/11, 11, , 
2023/10/12, 17, , 
2023/10/13, 20, , 
2023/10/14, 29, , 
2023/10/15, 44, , 
2023/10/16, 40, , 
2023/10/17, 40, , 
2023/10/18, 46, , 
2023/10/19, 37, , 
2023/10/20, 55, , 
2023/10/21, 43, , 
2023/10/22, 23, , 
2023/10/23, 22, , 
2023/10/24, 27, , 
2023/10/25, 35, , 
2023/10/26, 20, , 
2023/10/27, 27, , 
2023/10/28, 20, , 
2023/10/30, 27, , 
2023/10/31, 28, , 
2023/11/1, 30, , 
2023/11/2, 22, , 
2023/11/3, 19, , 
2023/11/4, 21, , 
2023/11/5, 13, , 
2023/11/6, 15, , 
2023/11/7, 24, , 
2023/11/8, 58, , 
2023/11/9, 59, , 
2023/11/10, 48, , 
2023/11/11, 44, , 
2023/11/16, 24, , 
2023/11/17, 22, , 
2023/11/18, 22, , 
2023/11/19, 18, , 
2023/11/20, 20, , 
2023/11/21, 24, , 
2023/11/22, 35, , 
2023/11/23, 22, , 
2023/11/24, 29, , 
2023/11/25, 27, , 
2023/11/26, 28, , 
2023/11/27, 25, , 
2023/11/28, 38, , 
2023/12/13, 43, , 
2023/12/14, 44, , 
2023/12/15, 42, , 
2023/12/16, 42, , 
2023/12/17, 53, , 
2023/12/18, 36, , 
2023/12/19, 17, , 
2023/12/20, 29, , 
2023/12/21, 33, , 
2023/12/22, 23, , 
2023/12/23, 31, , 
2023/12/24, 34, , 
2023/12/25, 28, , 
2023/12/26, 21, , 
2023/12/27, 24, , 
2023/12/28, 18, , 
2023/12/29, 37, , 
2023/7/1, 36, , 
2023/7/2, 34, , 
2023/7/3, 39, , 
2023/7/4, 37, , 
2023/7/5, 39, , 
2023/7/6, 39, , 
2023/7/7, 37, , 
2023/7/8, 34, , 
2023/7/9, 34, , 
2023/7/10, 23, , 
2023/7/11, 25, , 
2023/7/14, 34, , 
2023/7/15, 31, , 
2023/7/16, 32, , 
2023/7/17, 37, , 
2023/7/18, 35, , 
2023/7/19, 34, , 
2023/7/20, 38, , 
2023/7/21, 33, , 
2023/7/22, 29, , 
2023/7/23, 40, , 
2023/7/24, 30, , 
2023/7/25, 22, , 
2023/7/26, 20, , 
2023/7/27, 25, , 
2023/7/28, 19, , 
2023/7/29, 20, , 
2023/7/30, 17, , 
2023/7/31, 21, , 
2023/8/1, 26, , 
2023/8/2, 37, , 
2023/8/3, 39, , 
2023/8/4, 40, , 
2023/8/5, 41, , 
2023/8/6, 36, , 
2023/8/7, 33, , 
2023/8/8, 28, , 
2023/8/9, 20, , 
2023/8/10, 17, , 
2023/8/11, 26, , 
2023/8/12, 30, , 
2023/8/13, 23, , 
2023/8/14, 24, , 
2023/8/15, 16, , 
2023/8/16, 20, , 
2023/8/17, 18, , 
2023/8/18, 24, , 
2023/8/19, 16, , 
2023/8/20, 18, , 
2023/8/21, 15, , 
2023/8/22, 20, , 
2023/8/23, 25, , 
2023/8/24, 23, , 
2023/8/25, 30, , 
2023/8/26, 21, , 
2023/8/27, 22, , 
2023/8/28, 19, , 
2023/8/29, 14, , 
2023/8/30, 27, , 
2023/8/31, 39, , 
2023/9/1, 49, , 
2023/9/2, 29, , 
2023/9/3, 16, , 
2023/9/4, 16, , 
2023/9/5, 20, , 
2023/9/6, 22, , 
2023/9/7, 24, , 
2023/9/8, 22, , 
2023/9/9, 21, , 
2023/9/10, 22, , 
2023/9/11, 19, , 
2023/9/12, 19, , 
2023/9/13, 23, , 
2023/9/14, 18, , 
2023/9/15, 24, , 
2023/9/16, 32, , 
2023/9/17, 22, , 
2023/9/18, 20, , 
2023/9/19, 16, , 
2023/9/20, 34, , 
2023/9/21, 41, , 
2023/9/22, 42, , 
2023/9/23, 49, , 
2023/9/24, 59, , 
2023/9/25, 32, , 
2023/9/26, 16, , 
2023/9/27, 11, , 
2023/9/28, 14, , 
2023/9/29, 17, , 
2023/9/30, 17, , 
2023/4/1, 25, , 
2023/4/2, 18, , 
2023/4/3, 19, , 
2023/4/4, 19, , 
2023/4/5, 22, , 
2023/4/6, 32, , 
2023/4/7, 29, , 
2023/4/8, 28, , 
2023/4/9, 26, , 
2023/4/10, 30, , 
2023/4/11, 28, , 
2023/4/12, 22, , 
2023/4/13, 21, , 
2023/4/14, 26, , 
2023/4/15, 31, , 
2023/4/16, 32, , 
2023/4/17, 31, , 
2023/4/18, 21, , 
2023/4/19, 32, , 
2023/4/20, 29, , 
2023/4/21, 21, , 
2023/4/24, 23, , 
2023/4/25, 19, , 
2023/4/26, 17, , 
2023/4/27, 21, , 
2023/4/28, 20, , 
2023/4/29, 26, , 
2023/4/30, 26, , 
2023/5/1, 29, , 
2023/5/2, 13, , 
2023/5/3, 14, , 
2023/5/4, 22, , 
2023/5/5, 14, , 
2023/5/6, 13, , 
2023/5/7, 17, , 
2023/5/8, 21, , 
2023/5/9, 22, , 
2023/5/10, 21, , 
2023/5/11, 25, , 
2023/5/12, 22, , 
2023/5/13, 21, , 
2023/5/14, 23, , 
2023/5/15, 26, , 
2023/5/16, 26, , 
2023/5/17, 26, , 
2023/5/18, 25, , 
2023/5/19, 27, , 
2023/5/20, 33, , 
2023/5/21, 22, , 
2023/5/22, 23, , 
2023/5/23, 28, , 
2023/5/24, 27, , 
2023/5/25, 20, , 
2023/5/26, 19, , 
2023/5/27, 23, , 
2023/5/28, 24, , 
2023/5/29, 21, , 
2023/5/30, 27, , 
2023/5/31, 21, , 
2023/6/1, 25, , 
2023/6/2, 30, , 
2023/6/3, 28, , 
2023/6/4, 19, , 
2023/6/5, 22, , 
2023/6/6, 18, , 
2023/6/7, 27, , 
2023/6/8, 25, , 
2023/6/9, 26, , 
2023/6/10, 24, , 
2023/6/11, 18, , 
2023/6/12, 14, , 
2023/6/13, 16, , 
2023/6/14, 21, , 
2023/6/15, 20, , 
2023/6/16, 21, , 
2023/6/17, 31, , 
2023/6/18, 17, , 
2023/6/19, 14, , 
2023/6/20, 14, , 
2023/6/21, 19, , 
2023/6/22, 22, , 
2023/6/23, 22, , 
2023/6/24, 32, , 
2023/6/25, 31, , 
2023/6/26, 31, , 
2023/6/27, 25, , 
2023/6/28, 21, , 
2023/6/29, 27, , 
2023/6/30, 29, , 
2023/1/2, 43, , 
2023/1/3, 37, , 
2023/1/4, 35, , 
2023/1/5, 15, , 
2023/1/6, 28, , 
2023/1/7, 27, , 
2023/1/8, 17, , 
2023/1/9, 18, , 
2023/1/10, 14, , 
2023/1/11, 28, , 
2023/1/12, 31, , 
2023/1/13, 21, , 
2023/1/14, 14, , 
2023/1/15, 25, , 
2023/1/16, 20, , 
2023/1/17, 27, , 
2023/1/18, 51, , 
2023/1/19, 24, , 
2023/1/20, 44, , 
2023/1/21, 62, , 
2023/1/22, 45, , 
2023/1/23, 28, , 
2023/1/24, 46, , 
2023/1/25, 45, , 
2023/1/26, 37, , 
2023/1/27, 43, , 
2023/1/28, 41, , 
2023/1/29, 34, , 
2023/1/30, 38, , 
2023/1/31, 50, , 
2023/2/1, 56, , 
2023/2/2, 61, , 
2023/2/3, 27, , 
2023/2/4, 28, , 
2023/2/5, 21, , 
2023/2/6, 27, , 
2023/2/7, 38, , 
2023/2/8, 35, , 
2023/2/9, 40, , 
2023/2/10, 42, , 
2023/2/11, 18, , 
2023/2/12, 29, , 
2023/2/13, 28, , 
2023/2/14, 22, , 
2023/2/15, 21, , 
2023/2/16, 30, , 
2023/2/17, 30, , 
2023/2/18, 34, , 
2023/2/19, 30, , 
2023/2/20, 37, , 
2023/2/21, 32, , 
2023/2/22, 16, , 
2023/2/23, 10, , 
2023/2/24, 22, , 
2023/2/25, 26, , 
2023/2/26, 13, , 
2023/2/27, 13, , 
2023/2/28, 11, , 
2023/3/1, 18, , 
2023/3/2, 38, , 
2023/3/3, 46, , 
2023/3/4, 36, , 
2023/3/5, 13, , 
2023/3/6, 23, , 
2023/3/7, 22, , 
2023/3/8, 20, , 
2023/3/9, 18, , 
2023/3/10, 17, , 
2023/3/11, 28, , 
2023/3/12, 22, , 
2023/3/13, 21, , 
2023/3/14, 18, , 
2023/3/15, 24, , 
2023/3/16, 33, , 
2023/3/17, 35, , 
2023/3/18, 37, , 
2023/3/19, 30, , 
2023/3/20, 20, , 
2023/3/21, 22, , 
2023/3/22, 26, , 
2023/3/23, 18, , 
2023/3/24, 22, , 
2023/3/25, 40, , 
2023/3/26, 34, , 
2023/3/27, 34, , 
2023/3/28, 28, , 
2023/3/29, 23, , 
2023/3/30, 18, , 
2023/3/31, 35, , 
2022/10/1, 24, , 
2022/10/2, 27, , 
2022/10/3, 25, , 
2022/10/4, 25, , 
2022/10/5, 25, , 
2022/10/6, 20, , 
2022/10/7, 24, , 
2022/10/8, 25, , 
2022/10/9, 24, , 
2022/10/10, 23, , 
2022/10/11, 29, , 
2022/10/12, 41, , 
2022/10/13, 25, , 
2022/10/14, 17, , 
2022/10/15, 19, , 
2022/10/16, 23, , 
2022/10/17, 26, , 
2022/10/18, 29, , 
2022/10/19, 22, , 
2022/10/20, 20, , 
2022/10/21, 22, , 
2022/10/22, 18, , 
2022/10/23, 16, , 
2022/10/24, 21, , 
2022/10/25, 21, , 
2022/10/26, 25, , 
2022/10/27, 18, , 
2022/10/28, 23, , 
2022/10/29, 22, , 
2022/10/30, 26, , 
2022/10/31, 27, , 
2022/11/1, 22, , 
2022/11/2, 18, , 
2022/11/3, 20, , 
2022/11/4, 29, , 
2022/11/5, 33, , 
2022/11/6, 18, , 
2022/11/7, 14, , 
2022/11/8, 15, , 
2022/11/9, 16, , 
2022/11/10, 40, , 
2022/11/11, 51, , 
2022/11/12, 20, , 
2022/11/13, 24, , 
2022/11/14, 32, , 
2022/11/15, 30, , 
2022/11/16, 31, , 
2022/11/17, 37, , 
2022/11/18, 37, , 
2022/11/19, 33, , 
2022/11/20, 32, , 
2022/11/21, 35, , 
2022/11/22, 40, , 
2022/11/23, 44, , 
2022/11/28, 32, , 
2022/11/29, 34, , 
2022/11/30, 31, , 
2022/12/1, 23, , 
2022/12/2, 39, , 
2022/12/3, 58, , 
2022/12/4, 23, , 
2022/12/5, 30, , 
2022/12/6, 35, , 
2022/12/7, 37, , 
2022/12/8, 33, , 
2022/12/9, 16, , 
2022/12/10, 14, , 
2022/12/11, 13, , 
2022/12/12, 28, , 
2022/12/13, 27, , 
2022/12/14, 44, , 
2022/12/15, 46, , 
2022/12/16, 55, , 
2022/12/17, 54, , 
2022/12/18, 52, , 
2022/12/19, 58, , 
2022/12/20, 29, , 
2022/12/21, 29, , 
2022/12/22, 43, , 
2022/12/23, 28, , 
2022/12/24, 43, , 
2022/12/25, 54, , 
2022/12/26, 30, , 
2022/12/27, 13, , 
2022/12/28, 18, , 
2022/12/29, 16, , 
2022/12/30, 12, , 
2022/12/31, 22, , 
2023/1/1, 25, , 
2022/7/1, 35, , 
2022/7/2, 31, , 
2022/7/3, 27, , 
2022/7/4, 30, , 
2022/7/5, 52, , 
2022/7/6, 45, , 
2022/7/7, 43, , 
2022/7/8, 43, , 
2022/7/9, 40, , 
2022/7/10, 56, , 
2022/7/11, 71, , 
2022/7/12, 13, , 
2022/7/13, 14, , 
2022/7/14, 18, , 
2022/7/15, 13, , 
2022/7/16, 14, , 
2022/7/17, 9, , 
2022/7/18, 11, , 
2022/7/19, 12, , 
2022/7/20, 15, , 
2022/7/21, 12, , 
2022/7/22, 17, , 
2022/7/23, 14, , 
2022/7/24, 74, , 
2022/7/25, 103, , 
2022/7/26, 33, , 
2022/7/27, 24, , 
2022/7/28, 22, , 
2022/7/29, 23, , 
2022/7/30, 25, , 
2022/7/31, 27, , 
2022/8/1, 17, , 
2022/8/2, 12, , 
2022/8/3, 13, , 
2022/8/4, 12, , 
2022/8/5, 9, , 
2022/8/6, 11, , 
2022/8/7, 9, , 
2022/8/8, 10, , 
2022/8/9, 13, , 
2022/8/10, 16, , 
2022/8/11, 21, , 
2022/8/12, 21, , 
2022/8/13, 23, , 
2022/8/14, 25, , 
2022/8/15, 17, , 
2022/8/16, 13, , 
2022/8/17, 19, , 
2022/8/18, 25, , 
2022/8/19, 15, , 
2022/8/20, 16, , 
2022/8/21, 19, , 
2022/8/22, 22, , 
2022/8/23, 24, , 
2022/8/24, 22, , 
2022/8/25, 19, , 
2022/8/26, 23, , 
2022/8/27, 21, , 
2022/8/28, 21, , 
2022/8/29, 16, , 
2022/8/30, 8, , 
2022/8/31, 12, , 
2022/9/1, 17, , 
2022/9/2, 16, , 
2022/9/3, 25, , 
2022/9/4, 18, , 
2022/9/5, 14, , 
2022/9/6, 12, , 
2022/9/7, 78, , 
2022/9/8, 9, , 
2022/9/9, 93, , 
2022/9/10, 170, , 
2022/9/11, 253, , 
2022/9/12, 250, , 
2022/9/13, 177, , 
2022/9/14, 217, , 
2022/9/15, 216, , 
2022/9/16, 375, , 
2022/9/17, 169, , 
2022/9/18, 37, , 
2022/9/19, 30, , 
2022/9/22, 15, , 
2022/9/23, 17, , 
2022/9/24, 17, , 
2022/9/25, 14, , 
2022/9/26, 24, , 
2022/9/27, 25, , 
2022/9/28, 20, , 
2022/9/29, 20, , 
2022/9/30, 20, , 
2022/4/1, 23, , 
2022/4/2, 30, , 
2022/4/3, 29, , 
2022/4/4, 26, , 
2022/4/5, 27, , 
2022/4/6, 25, , 
2022/4/7, 33, , 
2022/4/8, 34, , 
2022/4/9, 42, , 
2022/4/10, 35, , 
2022/4/11, 37, , 
2022/4/12, 17, , 
2022/4/13, 29, , 
2022/4/14, 19, , 
2022/4/15, 30, , 
2022/4/16, 29, , 
2022/4/17, 30, , 
2022/4/18, 32, , 
2022/4/19, 32, , 
2022/4/20, 22, , 
2022/4/21, 18, , 
2022/4/22, 30, , 
2022/4/23, 26, , 
2022/4/24, 19, , 
2022/4/25, 37, , 
2022/4/26, 50, , 
2022/4/27, 36, , 
2022/4/28, 32, , 
2022/4/29, 31, , 
2022/4/30, 30, , 
2022/5/1, 23, , 
2022/5/2, 34, , 
2022/5/3, 27, , 
2022/5/4, 22, , 
2022/5/5, 29, , 
2022/5/6, 19, , 
2022/5/7, 20, , 
2022/5/8, 28, , 
2022/5/9, 31, , 
2022/5/10, 25, , 
2022/5/11, 24, , 
2022/5/12, 27, , 
2022/5/13, 22, , 
2022/5/14, 18, , 
2022/5/15, 21, , 
2022/5/16, 20, , 
2022/5/17, 24, , 
2022/5/18, 30, , 
2022/5/19, 34, , 
2022/5/20, 49, , 
2022/5/21, 31, , 
2022/5/22, 28, , 
2022/5/23, 33, , 
2022/5/24, 40, , 
2022/5/25, 29, , 
2022/5/26, 47, , 
2022/5/27, 42, , 
2022/5/28, 25, , 
2022/5/29, 21, , 
2022/5/30, 23, , 
2022/5/31, 21, , 
2022/6/1, 13, , 
2022/6/2, 30, , 
2022/6/3, 19, , 
2022/6/4, 18, , 
2022/6/5, 19, , 
2022/6/6, 28, , 
2022/6/7, 24, , 
2022/6/8, 30, , 
2022/6/9, 32, , 
2022/6/10, 29, , 
2022/6/11, 26, , 
2022/6/12, 24, , 
2022/6/13, 28, , 
2022/6/14, 28, , 
2022/6/15, 26, , 
2022/6/16, 30, , 
2022/6/17, 27, , 
2022/6/18, 26, , 
2022/6/19, 21, , 
2022/6/20, 45, , 
2022/6/21, 30, , 
2022/6/22, 39, , 
2022/6/23, 38, , 
2022/6/24, 35, , 
2022/6/25, 36, , 
2022/6/26, 33, , 
2022/6/27, 30, , 
2022/6/28, 24, , 
2022/6/29, 27, , 
2022/6/30, 72, , 
2022/1/5, 35, , 
2022/1/6, 44, , 
2022/1/7, 41, , 
2022/1/8, 44, , 
2022/1/9, 54, , 
2022/1/10, 64, , 
2022/1/11, 64, , 
2022/1/12, 85, , 
2022/1/13, 46, , 
2022/1/14, 56, , 
2022/1/15, 39, , 
2022/1/16, 60, , 
2022/1/17, 62, , 
2022/1/18, 55, , 
2022/1/19, 41, , 
2022/1/20, 51, , 
2022/1/21, 42, , 
2022/1/22, 36, , 
2022/1/23, 38, , 
2022/1/24, 48, , 
2022/1/25, 46, , 
2022/1/26, 38, , 
2022/1/27, 48, , 
2022/1/28, 41, , 
2022/1/29, 48, , 
2022/1/30, 44, , 
2022/1/31, 44, , 
2022/2/1, 26, , 
2022/2/2, 28, , 
2022/2/3, 43, , 
2022/2/4, 42, , 
2022/2/5, 45, , 
2022/2/6, 41, , 
2022/2/7, 42, , 
2022/2/8, 44, , 
2022/2/9, 43, , 
2022/2/10, 36, , 
2022/2/11, 38, , 
2022/2/12, 46, , 
2022/2/13, 38, , 
2022/2/14, 34, , 
2022/2/15, 28, , 
2022/2/16, 31, , 
2022/2/17, 36, , 
2022/2/18, 37, , 
2022/2/19, 35, , 
2022/2/20, 38, , 
2022/2/21, 30, , 
2022/2/22, 23, , 
2022/2/23, 33, , 
2022/2/24, 35, , 
2022/2/25, 33, , 
2022/2/26, 33, , 
2022/2/27, 41, , 
2022/2/28, 44, , 
2022/3/1, 35, , 
2022/3/2, 44, , 
2022/3/3, 49, , 
2022/3/4, 50, , 
2022/3/5, 44, , 
2022/3/6, 54, , 
2022/3/7, 37, , 
2022/3/8, 49, , 
2022/3/9, 41, , 
2022/3/10, 31, , 
2022/3/11, 24, , 
2022/3/12, 42, , 
2022/3/13, 37, , 
2022/3/14, 40, , 
2022/3/15, 31, , 
2022/3/16, 33, , 
2022/3/17, 41, , 
2022/3/18, 38, , 
2022/3/19, 32, , 
2022/3/20, 38, , 
2022/3/21, 37, , 
2022/3/22, 31, , 
2022/3/23, 25, , 
2022/3/24, 38, , 
2022/3/25, 31, , 
2022/3/26, 42, , 
2022/3/27, 53, , 
2022/3/28, 38, , 
2022/3/29, 37, , 
2022/3/30, 30, , 
2022/3/31, 33, , 
2021/10/1, 40, , 
2021/10/2, 46, , 
2021/10/3, 71, , 
2021/10/4, 73, , 
2021/10/6, 86, , 
2021/10/7, 31, , 
2021/10/8, 34, , 
2021/10/9, 37, , 
2021/10/10, 25, , 
2021/10/11, 31, , 
2021/10/12, 24, , 
2021/10/13, 43, , 
2021/10/14, 41, , 
2021/10/15, 34, , 
2021/10/16, 38, , 
2021/10/17, 39, , 
2021/10/18, 29, , 
2021/10/19, 31, , 
2021/10/20, 28, , 
2021/10/21, 26, , 
2021/10/22, 17, , 
2021/10/23, 20, , 
2021/10/24, 23, , 
2021/7/1, 37, , 
2021/7/2, 42, , 
2021/7/3, 50, , 
2021/7/4, 32, , 
2021/7/5, 28, , 
2021/7/6, 24, , 
2021/7/7, 24, , 
2021/7/8, 15, , 
2021/7/9, 29, , 
2021/7/10, 33, , 
2021/7/11, 30, , 
2021/7/12, 20, , 
2021/7/13, 18, , 
2021/7/14, 34, , 
2021/7/15, 32, , 
2021/7/16, 24, , 
2021/7/17, 27, , 
2021/7/18, 31, , 
2021/7/19, 34, , 
2021/7/20, 34, , 
2021/7/21, 25, , 
2021/7/22, 23, , 
2021/7/23, 78, , 
2021/7/24, 121, , 
2021/7/25, 126, , 
2021/7/26, 123, , 
2021/7/27, 68, , 
2021/7/28, 51, , 
2021/7/29, 91, , 
2021/7/30, 61, , 
2021/7/31, 40, , 
2021/8/1, 30, , 
2021/8/2, 35, , 
2021/8/3, 30, , 
2021/8/4, 32, , 
2021/8/5, 22, , 
2021/8/6, 236, , 
2021/8/7, 225, , 
2021/8/8, 133, , 
2021/8/9, 70, , 
2021/8/10, 79, , 
2021/8/11, 95, , 
2021/8/12, 148, , 
2021/8/13, 111, , 
2021/8/14, 107, , 
2021/8/15, 125, , 
2021/8/16, 173, , 
2021/8/17, 159, , 
2021/8/18, 113, , 
2021/8/19, 64, , 
2021/8/20, 137, , 
2021/8/21, 212, , 
2021/8/22, 311, , 
2021/8/23, 305, , 
2021/8/24, 222, , 
2021/8/25, 157, , 
2021/8/26, 160, , 
2021/8/27, 141, , 
2021/8/28, 155, , 
2021/8/29, 139, , 
2021/8/30, 94, , 
2021/8/31, 58, , 
2021/9/1, 78, , 
2021/9/2, 69, , 
2021/9/3, 102, , 
2021/9/4, 113, , 
2021/9/5, 68, , 
2021/9/6, 58, , 
2021/9/7, 46, , 
2021/9/8, 43, , 
2021/9/9, 53, , 
2021/9/10, 43, , 
2021/9/11, 34, , 
2021/9/12, 28, , 
2021/9/13, 39, , 
2021/9/14, 65, , 
2021/9/15, 71, , 
2021/9/16, 57, , 
2021/9/17, 63, , 
2021/9/18, 47, , 
2021/9/19, 24, , 
2021/9/20, 25, , 
2021/9/21, 58, , 
2021/9/22, 57, , 
2021/9/23, 41, , 
2021/9/24, 40, , 
2021/9/25, 74, , 
2021/9/26, 65, , 
2021/9/27, 38, , 
2021/9/28, 37, , 
2021/9/29, 24, , 
2021/9/30, 27, , 
2021/4/1, 28, , 
2021/4/2, 43, , 
2021/4/3, 26, , 
2021/4/4, 28, , 
2021/4/5, 21, , 
2021/4/6, 31, , 
2021/4/7, 30, , 
2021/4/8, 32, , 
2021/4/9, 21, , 
2021/4/10, 23, , 
2021/4/11, 23, , 
2021/4/12, 29, , 
2021/4/13, 36, , 
2021/4/15, 121, , 
2021/4/16, 33, , 
2021/4/17, 23, , 
2021/4/18, 24, , 
2021/4/19, 27, , 
2021/4/20, 34, , 
2021/4/21, 25, , 
2021/4/22, 31, , 
2021/4/23, 39, , 
2021/4/24, 26, , 
2021/4/25, 22, , 
2021/4/27, 89, , 
2021/4/28, 20, , 
2021/4/29, 24, , 
2021/4/30, 21, , 
2021/5/1, 22, , 
2021/5/2, 25, , 
2021/5/3, 24, , 
2021/5/4, 31, , 
2021/5/5, 23, , 
2021/5/6, 31, , 
2021/5/7, 26, , 
2021/5/8, 20, , 
2021/5/9, 21, , 
2021/5/10, 36, , 
2021/5/11, 43, , 
2021/5/12, 25, , 
2021/5/13, 32, , 
2021/5/14, 26, , 
2021/5/15, 23, , 
2021/5/16, 27, , 
2021/5/17, 27, , 
2021/5/18, 50, , 
2021/5/19, 24, , 
2021/5/20, 35, , 
2021/5/21, 26, , 
2021/5/22, 37, , 
2021/5/23, 27, , 
2021/5/24, 26, , 
2021/5/25, 23, , 
2021/5/26, 29, , 
2021/5/27, 27, , 
2021/5/28, 20, , 
2021/5/29, 30, , 
2021/5/30, 25, , 
2021/5/31, 27, , 
2021/6/1, 22, , 
2021/6/2, 32, , 
2021/6/3, 23, , 
2021/6/4, 26, , 
2021/6/5, 16, , 
2021/6/6, 31, , 
2021/6/7, 22, , 
2021/6/8, 26, , 
2021/6/9, 24, , 
2021/6/10, 22, , 
2021/6/11, 18, , 
2021/6/12, 15, , 
2021/6/13, 22, , 
2021/6/14, 23, , 
2021/6/15, 22, , 
2021/6/16, 18, , 
2021/6/17, 19, , 
2021/6/18, 38, , 
2021/6/19, 51, , 
2021/6/20, 41, , 
2021/6/21, 25, , 
2021/6/22, 20, , 
2021/6/23, 23, , 
2021/6/24, 30, , 
2021/6/25, 32, , 
2021/6/26, 29, , 
2021/6/27, 27, , 
2021/6/28, 31, , 
2021/6/29, 23, , 
2021/6/30, 29, , 
2021/1/4, 34, , 
2021/1/5, 36, , 
2021/1/6, 50, , 
2021/1/7, 48, , 
2021/1/8, 53, , 
2021/1/9, 48, , 
2021/1/10, 50, , 
2021/1/11, 41, , 
2021/1/12, 38, , 
2021/1/13, 31, , 
2021/1/14, 45, , 
2021/1/15, 45, , 
2021/1/16, 51, , 
2021/1/17, 40, , 
2021/1/18, 29, , 
2021/1/19, 42, , 
2021/1/20, 40, , 
2021/1/21, 51, , 
2021/1/22, 36, , 
2021/1/23, 32, , 
2021/1/24, 28, , 
2021/1/25, 26, , 
2021/1/26, 32, , 
2021/1/27, 27, , 
2021/1/28, 25, , 
2021/1/29, 30, , 
2021/1/30, 41, , 
2021/1/31, 70, , 
2021/2/1, 36, , 
2021/2/2, 29, , 
2021/2/3, 26, , 
2021/2/4, 31, , 
2021/2/5, 56, , 
2021/2/6, 55, , 
2021/2/7, 50, , 
2021/2/8, 54, , 
2021/2/9, 41, , 
2021/2/10, 45, , 
2021/2/11, 44, , 
2021/2/12, 35, , 
2021/2/13, 37, , 
2021/2/14, 35, , 
2021/2/15, 24, , 
2021/2/16, 32, , 
2021/2/17, 38, , 
2021/2/18, 36, , 
2021/2/19, 41, , 
2021/2/20, 49, , 
2021/2/21, 35, , 
2021/2/22, 34, , 
2021/2/23, 33, , 
2021/2/24, 22, , 
2021/2/25, 24, , 
2021/2/26, 39, , 
2021/2/27, 34, , 
2021/2/28, 29, , 
2021/3/1, 28, , 
2021/3/2, 33, , 
2021/3/3, 31, , 
2021/3/4, 31, , 
2021/3/5, 29, , 
2021/3/6, 38, , 
2021/3/7, 33, , 
2021/3/8, 36, , 
2021/3/9, 26, , 
2021/3/10, 24, , 
2021/3/11, 25, , 
2021/3/12, 35, , 
2021/3/13, 27, , 
2021/3/14, 36, , 
2021/3/15, 15, , 
2021/3/16, 23, , 
2021/3/17, 39, , 
2021/3/18, 25, , 
2021/3/19, 38, , 
2021/3/20, 25, , 
2021/3/21, 36, , 
2021/3/22, 25, , 
2021/3/23, 27, , 
2021/3/24, 16, , 
2021/3/25, 23, , 
2021/3/26, 21, , 
2021/3/27, 27, , 
2021/3/28, 26, , 
2021/3/29, 31, , 
2021/3/30, 28, , 
2021/3/31, 25, , 
2020/10/1, 111, , 
2020/10/2, 65, , 
2020/10/3, 81, , 
2020/10/4, 88, , 
2020/10/5, 50, , 
2020/10/6, 59, , 
2020/10/7, 54, , 
2020/10/8, 43, , 
2020/10/9, 176, , 
2020/10/14, 25, , 
2020/10/15, 36, , 
2020/10/16, 25, , 
2020/10/17, 28, , 
2020/10/18, 28, , 
2020/10/19, 33, , 
2020/10/20, 31, , 
2020/10/21, 28, , 
2020/10/22, 39, , 
2020/10/23, 22, , 
2020/10/24, 26, , 
2020/10/25, 29, , 
2020/10/26, 33, , 
2020/10/27, 20, , 
2020/10/28, 24, , 
2020/10/29, 23, , 
2020/10/30, 43, , 
2020/10/31, 31, , 
2020/11/1, 37, , 
2020/11/2, 38, , 
2020/11/3, 26, , 
2020/11/4, 28, , 
2020/11/5, 28, , 
2020/11/6, 28, , 
2020/11/7, 23, , 
2020/11/8, 23, , 
2020/11/9, 35, , 
2020/11/10, 31, , 
2020/11/11, 37, , 
2020/11/12, 36, , 
2020/11/13, 28, , 
2020/11/14, 23, , 
2020/11/15, 35, , 
2020/11/16, 33, , 
2020/11/17, 27, , 
2020/11/18, 26, , 
2020/11/19, 18, , 
2020/11/20, 38, , 
2020/11/21, 40, , 
2020/11/22, 33, , 
2020/11/23, 48, , 
2020/12/9, 56, , 
2020/12/10, 34, , 
2020/12/11, 37, , 
2020/12/12, 33, , 
2020/12/13, 34, , 
2020/12/14, 29, , 
2020/12/15, 52, , 
2020/12/16, 40, , 
2020/12/17, 37, , 
2020/12/18, 41, , 
2020/12/19, 52, , 
2020/12/20, 71, , 
2020/12/21, 72, , 
2020/12/22, 36, , 
2020/12/23, 48, , 
2020/12/24, 57, , 
2020/12/25, 46, , 
2020/12/26, 34, , 
2020/12/27, 44, , 
2020/12/28, 44, , 
2020/12/29, 34, , 
2020/12/30, 48, , 
2020/12/31, 36, , 
2021/1/1, 58, , 
2021/1/2, 42, , 
2021/1/3, 38, , 
2020/7/1, 42, , 
2020/7/2, 38, , 
2020/7/3, 33, , 
2020/7/4, 20, , 
2020/7/5, 14, , 
2020/7/6, 18, , 
2020/7/7, 23, , 
2020/7/8, 15, , 
2020/7/9, 22, , 
2020/7/10, 15, , 
2020/7/11, 18, , 
2020/7/12, 22, , 
2020/7/13, 14, , 
2020/7/14, 19, , 
2020/7/15, 19, , 
2020/7/16, 18, , 
2020/7/17, 22, , 
2020/7/18, 20, , 
2020/7/19, 19, , 
2020/7/20, 39, , 
2020/7/21, 38, , 
2020/7/22, 26, , 
2020/7/23, 21, , 
2020/7/24, 19, , 
2020/7/25, 22, , 
2020/7/26, 18, , 
2020/7/27, 15, , 
2020/7/28, 26, , 
2020/7/29, 18, , 
2020/7/30, 16, , 
2020/7/31, 14, , 
2020/8/1, 12, , 
2020/8/2, 13, , 
2020/8/3, 17, , 
2020/8/4, 18, , 
2020/8/5, 16, , 
2020/8/6, 18, , 
2020/8/7, 14, , 
2020/8/8, 24, , 
2020/8/9, 26, , 
2020/8/10, 18, , 
2020/8/11, 14, , 
2020/8/12, 15, , 
2020/8/13, 16, , 
2020/8/14, 71, , 
2020/8/15, 12, , 
2020/8/16, 21, , 
2020/8/17, 71, , 
2020/8/18, 67, , 
2020/8/19, 121, , 
2020/8/20, 139, , 
2020/8/21, 165, , 
2020/8/22, 164, , 
2020/8/23, 155, , 
2020/8/24, 111, , 
2020/8/25, 101, , 
2020/8/26, 66, , 
2020/8/27, 40, , 
2020/8/28, 107, , 
2020/8/29, 100, , 
2020/8/30, 107, , 
2020/8/31, 158, , 
2020/9/1, 72, , 
2020/9/2, 33, , 
2020/9/3, 72, , 
2020/9/4, 52, , 
2020/9/5, 59, , 
2020/9/6, 33, , 
2020/9/7, 61, , 
2020/9/8, 74, , 
2020/9/9, 18, , 
2020/9/10, 84, , 
2020/9/11, 164, , 
2020/9/12, 141, , 
2020/9/13, 140, , 
2020/9/14, 130, , 
2020/9/15, 153, , 
2020/9/16, 169, , 
2020/9/17, 133, , 
2020/9/18, 109, , 
2020/9/19, 37, , 
2020/9/20, 87, , 
2020/9/21, 91, , 
2020/9/22, 50, , 
2020/9/23, 15, , 
2020/9/24, 19, , 
2020/9/25, 17, , 
2020/9/26, 18, , 
2020/9/27, 23, , 
2020/9/28, 22, , 
2020/9/29, 56, , 
2020/9/30, 123, , 
2020/4/1, 13, , 
2020/4/2, 16, , 
2020/4/3, 19, , 
2020/4/4, 13, , 
2020/4/5, 13, , 
2020/4/6, 20, , 
2020/4/7, 19, , 
2020/4/8, 20, , 
2020/4/9, 16, , 
2020/4/10, 16, , 
2020/4/11, 21, , 
2020/4/12, 17, , 
2020/4/13, 25, , 
2020/5/14, 105, , 
2020/5/15, 16, , 
2020/5/16, 17, , 
2020/5/17, 25, , 
2020/5/18, 32, , 
2020/5/19, 24, , 
2020/5/20, 24, , 
2020/5/21, 31, , 
2020/5/22, 31, , 
2020/5/23, 24, , 
2020/5/24, 26, , 
2020/5/25, 23, , 
2020/5/26, 23, , 
2020/5/27, 21, , 
2020/5/28, 21, , 
2020/5/29, 21, , 
2020/5/30, 21, , 
2020/5/31, 21, , 
2020/6/1, 21, , 
2020/6/2, 21, , 
2020/6/3, 28, , 
2020/6/4, 27, , 
2020/6/5, 23, , 
2020/6/6, 34, , 
2020/6/7, 35, , 
2020/6/8, 19, , 
2020/6/9, 26, , 
2020/6/10, 24, , 
2020/6/11, 25, , 
2020/6/12, 33, , 
2020/6/13, 29, , 
2020/6/14, 27, , 
2020/6/15, 23, , 
2020/6/16, 23, , 
2020/6/17, 23, , 
2020/6/18, 25, , 
2020/6/19, 22, , 
2020/6/20, 31, , 
2020/6/21, 28, , 
2020/6/22, 36, , 
2020/6/23, 36, , 
2020/6/24, 30, , 
2020/6/25, 37, , 
2020/6/26, 48, , 
2020/6/27, 58, , 
2020/6/28, 25, , 
2020/6/29, 28, , 
2020/6/30, 26, , 
2020/1/1, 32, , 
2020/1/2, 23, , 
2020/1/3, 34, , 
2020/1/4, 21, , 
2020/1/5, 22, , 
2020/1/6, 21, , 
2020/1/7, 31, , 
2020/1/8, 20, , 
2020/1/9, 15, , 
2020/1/10, 29, , 
2020/1/11, 22, , 
2020/1/12, 15, , 
2020/1/13, 17, , 
2020/1/14, 22, , 
2020/1/15, 23, , 
2020/1/16, 13, , 
2020/1/17, 33, , 
2020/1/18, 25, , 
2020/1/19, 36, , 
2020/1/20, 33, , 
2020/1/21, 32, , 
2020/1/22, 21, , 
2020/1/23, 37, , 
2020/1/24, 27, , 
2020/1/25, 27, , 
2020/1/26, 29, , 
2020/1/27, 13, , 
2020/1/28, 18, , 
2020/1/29, 18, , 
2020/1/30, 25, , 
2020/1/31, 23, , 
2020/2/1, 34, , 
2020/2/2, 25, , 
2020/2/3, 31, , 
2020/2/4, 13, , 
2020/2/5, 18, , 
2020/2/6, 22, , 
2020/2/7, 22, , 
2020/2/8, 23, , 
2020/2/9, 18, , 
2020/2/10, 21, , 
2020/2/11, 27, , 
2020/2/12, 29, , 
2020/2/13, 30, , 
2020/2/14, 36, , 
2020/2/15, 36, , 
2020/2/16, 24, , 
2020/2/17, 30, , 
2020/2/18, 25, , 
2020/2/19, 26, , 
2020/2/20, 25, , 
2020/2/21, 31, , 
2020/2/22, 24, , 
2020/2/23, 30, , 
2020/2/24, 24, , 
2020/2/25, 20, , 
2020/2/26, 33, , 
2020/2/27, 29, , 
2020/2/28, 33, , 
2020/2/29, 31, , 
2020/3/2, 17, , 
2020/3/3, 19, , 
2020/3/4, 21, , 
2020/3/5, 23, , 
2020/3/6, 20, , 
2020/3/7, 19, , 
2020/3/8, 20, , 
2020/3/9, 16, , 
2020/3/10, 22, , 
2020/3/11, 25, , 
2020/3/12, 16, , 
2020/3/13, 22, , 
2020/3/14, 12, , 
2020/3/15, 12, , 
2020/3/16, 12, , 
2020/3/17, 12, , 
2020/3/18, 14, , 
2020/3/19, 17, , 
2020/3/20, 21, , 
2020/3/21, 16, , 
2020/3/22, 18, , 
2020/3/23, 23, , 
2020/3/24, 12, , 
2020/3/25, 14, , 
2020/3/26, 13, , 
2020/3/27, 18, , 
2020/3/28, 13, , 
2019/10/1, 37, , 
2019/10/2, 33, , 
2019/10/3, 38, , 
2019/10/4, 36, , 
2019/10/5, 36, , 
2019/10/6, 26, , 
2019/10/7, 42, , 
2019/10/8, 39, , 
2019/10/9, 40, , 
2019/10/10, 36, , 
2019/10/11, 23, , 
2019/10/12, 60, , 
2019/10/13, 60, , 
2019/10/14, 44, , 
2019/10/15, 37, , 
2019/10/16, 38, , 
2019/10/17, 37, , 
2019/10/18, 23, , 
2019/10/19, 29, , 
2019/10/20, 30, , 
2019/10/21, 35, , 
2019/10/22, 43, , 
2019/10/23, 29, , 
2019/10/24, 30, , 
2019/10/25, 29, , 
2019/10/26, 29, , 
2019/10/27, 29, , 
2019/10/28, 27, , 
2019/10/29, 31, , 
2019/10/30, 30, , 
2019/10/31, 40, , 
2019/11/1, 43, , 
2019/11/2, 33, , 
2019/11/3, 36, , 
2019/11/4, 39, , 
2019/11/5, 27, , 
2019/11/6, 31, , 
2019/11/7, 38, , 
2019/11/8, 30, , 
2019/11/9, 38, , 
2019/11/10, 40, , 
2019/11/11, 28, , 
2019/11/12, 33, , 
2019/11/13, 35, , 
2019/11/14, 56, , 
2019/11/15, 37, , 
2019/11/16, 35, , 
2019/11/17, 45, , 
2019/11/18, 35, , 
2019/11/19, 42, , 
2019/11/20, 39, , 
2019/11/21, 40, , 
2019/11/22, 50, , 
2019/11/23, 51, , 
2019/11/24, 43, , 
2019/11/25, 37, , 
2019/11/26, 29, , 
2019/11/27, 22, , 
2019/11/28, 39, , 
2019/11/29, 33, , 
2019/11/30, 27, , 
2019/12/1, 27, , 
2019/12/2, 44, , 
2019/12/3, 51, , 
2019/12/4, 47, , 
2019/12/5, 43, , 
2019/12/6, 24, , 
2019/12/7, 22, , 
2019/12/8, 22, , 
2019/12/9, 27, , 
2019/12/10, 26, , 
2019/12/11, 27, , 
2019/12/12, 24, , 
2019/12/13, 425, , 
2019/12/15, 425, , 
2019/12/16, 182, , 
2019/12/17, 89, , 
2019/12/18, 25, , 
2019/12/19, 26, , 
2019/12/20, 37, , 
2019/12/21, 21, , 
2019/12/22, 21, , 
2019/12/23, 28, , 
2019/12/24, 18, , 
2019/12/25, 17, , 
2019/12/26, 28, , 
2019/12/27, 27, , 
2019/12/28, 20, , 
2019/12/29, 32, , 
2019/7/1, 30, , 
2019/7/2, 30, , 
2019/7/3, 35, , 
2019/7/4, 55, , 
2019/7/5, 55, , 
2019/7/6, 58, , 
2019/7/7, 57, , 
2019/7/8, 45, , 
2019/7/9, 40, , 
2019/7/10, 49, , 
2019/7/11, 48, , 
2019/7/12, 50, , 
2019/7/13, 41, , 
2019/7/14, 39, , 
2019/7/15, 33, , 
2019/7/16, 44, , 
2019/7/17, 36, , 
2019/7/18, 42, , 
2019/7/19, 50, , 
2019/7/20, 54, , 
2019/7/21, 53, , 
2019/7/22, 46, , 
2019/7/23, 35, , 
2019/7/24, 45, , 
2019/7/25, 44, , 
2019/7/26, 51, , 
2019/7/27, 43, , 
2019/7/28, 47, , 
2019/7/29, 47, , 
2019/7/30, 39, , 
2019/7/31, 42, , 
2019/8/1, 40, , 
2019/8/2, 45, , 
2019/8/3, 45, , 
2019/8/4, 33, , 
2019/8/5, 38, , 
2019/8/6, 33, , 
2019/8/7, 41, , 
2019/8/8, 54, , 
2019/8/9, 52, , 
2019/8/10, 40, , 
2019/8/11, 38, , 
2019/8/12, 39, , 
2019/8/13, 47, , 
2019/8/14, 45, , 
2019/8/15, 56, , 
2019/8/16, 50, , 
2019/8/17, 57, , 
2019/8/18, 52, , 
2019/8/19, 41, , 
2019/8/20, 35, , 
2019/8/21, 45, , 
2019/8/22, 41, , 
2019/8/23, 45, , 
2019/8/24, 52, , 
2019/8/25, 48, , 
2019/8/26, 42, , 
2019/8/27, 55, , 
2019/8/28, 47, , 
2019/8/29, 50, , 
2019/8/30, 45, , 
2019/8/31, 44, , 
2019/9/1, 48, , 
2019/9/2, 50, , 
2019/9/3, 31, , 
2019/9/4, 39, , 
2019/9/5, 41, , 
2019/9/6, 45, , 
2019/9/7, 27, , 
2019/9/8, 49, , 
2019/9/9, 37, , 
2019/9/11, 52, , 
2019/9/12, 38, , 
2019/9/13, 50, , 
2019/9/14, 47, , 
2019/9/15, 47, , 
2019/9/16, 56, , 
2019/9/17, 47, , 
2019/9/18, 55, , 
2019/9/19, 58, , 
2019/9/20, 41, , 
2019/9/21, 50, , 
2019/9/22, 49, , 
2019/9/23, 57, , 
2019/9/24, 47, , 
2019/9/25, 35, , 
2019/9/26, 38, , 
2019/9/27, 26, , 
2019/9/28, 26, , 
2019/9/29, 26, , 
2019/9/30, 33, , 
2019/4/1, 48, , 
2019/4/2, 45, , 
2019/4/3, 42, , 
2019/4/4, 56, , 
2019/4/5, 46, , 
2019/4/6, 58, , 
2019/4/7, 51, , 
2019/4/8, 66, , 
2019/4/9, 57, , 
2019/4/10, 52, , 
2019/4/11, 49, , 
2019/4/12, 52, , 
2019/4/13, 52, , 
2019/4/14, 56, , 
2019/4/15, 56, , 
2019/4/16, 50, , 
2019/4/17, 50, , 
2019/4/18, 55, , 
2019/4/19, 62, , 
2019/4/20, 58, , 
2019/4/21, 48, , 
2019/4/22, 39, , 
2019/4/23, 43, , 
2019/4/24, 51, , 
2019/4/25, 46, , 
2019/4/26, 50, , 
2019/4/27, 47, , 
2019/4/28, 46, , 
2019/4/29, 57, , 
2019/4/30, 55, , 
2019/5/1, 42, , 
2019/5/2, 51, , 
2019/5/3, 62, , 
2019/5/4, 53, , 
2019/5/5, 51, , 
2019/5/6, 55, , 
2019/5/7, 54, , 
2019/5/8, 51, , 
2019/5/9, 48, , 
2019/5/10, 43, , 
2019/5/11, 43, , 
2019/5/12, 50, , 
2019/5/13, 43, , 
2019/5/14, 33, , 
2019/5/15, 44, , 
2019/5/16, 36, , 
2019/5/17, 38, , 
2019/5/18, 40, , 
2019/5/19, 34, , 
2019/5/20, 25, , 
2019/5/21, 27, , 
2019/5/22, 35, , 
2019/5/23, 38, , 
2019/5/24, 41, , 
2019/5/25, 39, , 
2019/5/26, 40, , 
2019/5/27, 38, , 
2019/5/28, 30, , 
2019/5/29, 42, , 
2019/5/30, 47, , 
2019/5/31, 47, , 
2019/6/1, 39, , 
2019/6/2, 48, , 
2019/6/3, 27, , 
2019/6/4, 45, , 
2019/6/5, 44, , 
2019/6/6, 38, , 
2019/6/7, 39, , 
2019/6/8, 34, , 
2019/6/9, 34, , 
2019/6/10, 42, , 
2019/6/11, 43, , 
2019/6/12, 41, , 
2019/6/13, 55, , 
2019/6/14, 45, , 
2019/6/15, 40, , 
2019/6/16, 59, , 
2019/6/17, 35, , 
2019/6/18, 42, , 
2019/6/19, 47, , 
2019/6/20, 60, , 
2019/6/21, 42, , 
2019/6/22, 36, , 
2019/6/23, 52, , 
2019/6/24, 56, , 
2019/6/25, 50, , 
2019/6/26, 55, , 
2019/6/27, 38, , 
2019/6/28, 43, , 
2019/6/29, 42, , 
2019/6/30, 30, , 
2019/1/1, 43, , 
2019/1/2, 51, , 
2019/1/3, 62, , 
2019/1/4, 71, , 
2019/1/5, 53, , 
2019/1/6, 39, , 
2019/1/7, 37, , 
2019/1/8, 62, , 
2019/1/9, 49, , 
2019/1/10, 48, , 
2019/1/11, 68, , 
2019/1/12, 60, , 
2019/1/13, 63, , 
2019/1/14, 64, , 
2019/1/15, 60, , 
2019/1/16, 40, , 
2019/1/17, 49, , 
2019/1/18, 46, , 
2019/1/19, 45, , 
2019/1/20, 50, , 
2019/1/21, 44, , 
2019/1/22, 66, , 
2019/1/23, 68, , 
2019/1/24, 52, , 
2019/1/25, 66, , 
2019/1/26, 67, , 
2019/1/27, 64, , 
2019/1/28, 72, , 
2019/1/29, 64, , 
2019/1/30, 63, , 
2019/1/31, 62, , 
2019/2/1, 49, , 
2019/2/2, 51, , 
2019/2/3, 50, , 
2019/2/4, 52, , 
2019/2/5, 45, , 
2019/2/6, 60, , 
2019/2/7, 78, , 
2019/2/8, 69, , 
2019/2/9, 45, , 
2019/2/10, 44, , 
2019/2/11, 91, , 
2019/2/12, 63, , 
2019/2/13, 52, , 
2019/2/14, 44, , 
2019/2/15, 37, , 
2019/2/16, 45, , 
2019/2/17, 49, , 
2019/2/18, 44, , 
2019/2/19, 58, , 
2019/2/20, 44, , 
2019/2/21, 54, , 
2019/2/22, 40, , 
2019/2/23, 67, , 
2019/2/24, 50, , 
2019/2/25, 46, , 
2019/2/26, 40, , 
2019/2/27, 32, , 
2019/2/28, 37, , 
2019/3/1, 36, , 
2019/3/2, 49, , 
2019/3/3, 54, , 
2019/3/4, 47, , 
2019/3/5, 51, , 
2019/3/6, 48, , 
2019/3/7, 44, , 
2019/3/8, 25, , 
2019/3/9, 46, , 
2019/3/10, 63, , 
2019/3/11, 52, , 
2019/3/12, 57, , 
2019/3/13, 45, , 
2019/3/14, 45, , 
2019/3/15, 50, , 
2019/3/16, 51, , 
2019/3/17, 55, , 
2019/3/18, 53, , 
2019/3/19, 60, , 
2019/3/20, 49, , 
2019/3/21, 45, , 
2019/3/22, 50, , 
2019/3/23, 58, , 
2019/3/24, 50, , 
2019/3/25, 63, , 
2019/3/26, 50, , 
2019/3/27, 49, , 
2019/3/28, 51, , 
2019/3/29, 44, , 
2019/3/30, 41, , 
2019/3/31, 42, , 
2018/10/1, 42, , 
2018/10/2, 21, , 
2018/10/3, 40, , 
2018/10/6, 9, , 
2018/10/7, 7, , 
2018/10/8, 12, , 
2018/10/9, 15, , 
2018/10/10, 19, , 
2018/10/11, 16, , 
2018/10/12, 80, , 
2018/10/13, 37, , 
2018/10/14, 37, , 
2018/10/15, 39, , 
2018/10/16, 37, , 
2018/10/17, 47, , 
2018/10/18, 46, , 
2018/10/19, 31, , 
2018/10/20, 31, , 
2018/10/21, 37, , 
2018/10/22, 35, , 
2018/10/23, 44, , 
2018/10/24, 33, , 
2018/10/25, 34, , 
2018/10/26, 45, , 
2018/10/27, 32, , 
2018/10/28, 23, , 
2018/10/29, 34, , 
2018/10/30, 32, , 
2018/10/31, 33, , 
2018/11/1, 38, , 
2018/11/2, 44, , 
2018/11/3, 35, , 
2018/11/4, 27, , 
2018/11/5, 33, , 
2018/11/6, 58, , 
2018/11/7, 58, , 
2018/11/8, 35, , 
2018/11/9, 44, , 
2018/11/10, 60, , 
2018/11/11, 42, , 
2018/11/12, 32, , 
2018/11/13, 44, , 
2018/11/14, 44, , 
2018/11/15, 41, , 
2018/11/16, 43, , 
2018/11/17, 66, , 
2018/11/18, 51, , 
2018/11/19, 49, , 
2018/11/20, 57, , 
2018/11/21, 48, , 
2018/11/22, 34, , 
2018/11/23, 40, , 
2018/11/24, 42, , 
2018/11/25, 36, , 
2018/11/26, 47, , 
2018/11/27, 38, , 
2018/11/28, 34, , 
2018/11/29, 42, , 
2018/11/30, 37, , 
2018/12/1, 22, , 
2018/12/2, 28, , 
2018/12/3, 42, , 
2018/12/4, 36, , 
2018/12/5, 36, , 
2018/12/6, 39, , 
2018/12/7, 58, , 
2018/12/8, 47, , 
2018/12/9, 47, , 
2018/12/10, 68, , 
2018/12/11, 51, , 
2018/12/12, 44, , 
2018/12/13, 54, , 
2018/12/14, 53, , 
2018/12/15, 36, , 
2018/12/16, 22, , 
2018/12/17, 30, , 
2018/12/18, 13, , 
2018/12/19, 17, , 
2018/12/20, 30, , 
2018/12/21, 34, , 
2018/12/22, 52, , 
2018/12/23, 39, , 
2018/12/24, 53, , 
2018/12/25, 40, , 
2018/12/26, 50, , 
2018/12/27, 53, , 
2018/12/28, 34, , 
2018/12/29, 49, , 
2018/12/30, 61, , 
2018/7/1, 28, , 
2018/7/2, 28, , 
2018/7/3, 44, , 
2018/7/4, 51, , 
2018/7/5, 32, , 
2018/7/6, 23, , 
2018/7/7, 24, , 
2018/7/8, 14, , 
2018/7/9, 18, , 
2018/7/10, 20, , 
2018/7/11, 27, , 
2018/7/12, 31, , 
2018/7/13, 39, , 
2018/7/14, 37, , 
2018/7/15, 31, , 
2018/7/16, 26, , 
2018/7/17, 53, , 
2018/7/18, 49, , 
2018/7/19, 45, , 
2018/7/20, 53, , 
2018/7/21, 40, , 
2018/7/22, 74, , 
2018/7/23, 57, , 
2018/7/24, 48, , 
2018/7/25, 34, , 
2018/7/26, 48, , 
2018/7/27, 83, , 
2018/7/28, 90, , 
2018/7/29, 105, , 
2018/7/30, 128, , 
2018/7/31, 116, , 
2018/8/1, 83, , 
2018/8/2, 48, , 
2018/8/3, 88, , 
2018/8/4, 135, , 
2018/8/5, 77, , 
2018/8/6, 109, , 
2018/8/7, 107, , 
2018/8/8, 136, , 
2018/8/9, 152, , 
2018/8/10, 76, , 
2018/8/11, 49, , 
2018/8/12, 39, , 
2018/8/13, 41, , 
2018/8/14, 50, , 
2018/8/15, 54, , 
2018/8/16, 184, , 
2018/8/17, 37, , 
2018/8/18, 32, , 
2018/8/19, 36, , 
2018/8/20, 49, , 
2018/8/21, 43, , 
2018/8/22, 37, , 
2018/8/23, 50, , 
2018/8/24, 55, , 
2018/8/25, 74, , 
2018/8/26, 66, , 
2018/8/27, 41, , 
2018/8/28, 40, , 
2018/8/29, 37, , 
2018/8/30, 19, , 
2018/8/31, 18, , 
2018/9/2, 21, , 
2018/9/3, 21, , 
2018/9/4, 71, , 
2018/9/5, 68, , 
2018/9/6, 33, , 
2018/9/7, 25, , 
2018/9/8, 18, , 
2018/9/9, 20, , 
2018/9/10, 24, , 
2018/9/11, 29, , 
2018/9/12, 18, , 
2018/9/13, 17, , 
2018/9/14, 23, , 
2018/9/15, 23, , 
2018/9/16, 25, , 
2018/9/17, 17, , 
2018/9/18, 20, , 
2018/9/19, 24, , 
2018/9/20, 36, , 
2018/9/21, 32, , 
2018/9/22, 28, , 
2018/9/23, 18, , 
2018/9/24, 27, , 
2018/9/25, 18, , 
2018/9/26, 23, , 
2018/9/27, 24, , 
2018/9/28, 25, , 
2018/9/29, 23, , 
2018/9/30, 22, , 
2018/4/1, 54, , 
2018/4/2, 59, , 
2018/4/3, 58, , 
2018/4/4, 58, , 
2018/4/5, 55, , 
2018/4/6, 56, , 
2018/4/7, 59, , 
2018/4/8, 51, , 
2018/4/9, 51, , 
2018/4/10, 59, , 
2018/4/11, 54, , 
2018/4/12, 45, , 
2018/4/13, 48, , 
2018/4/14, 46, , 
2018/4/15, 60, , 
2018/4/16, 48, , 
2018/4/17, 45, , 
2018/4/18, 54, , 
2018/4/19, 49, , 
2018/4/20, 45, , 
2018/4/21, 53, , 
2018/4/22, 45, , 
2018/4/23, 50, , 
2018/4/24, 46, , 
2018/4/25, 45, , 
2018/4/26, 49, , 
2018/4/27, 63, , 
2018/4/28, 60, , 
2018/4/29, 51, , 
2018/4/30, 45, , 
2018/5/1, 30, , 
2018/5/2, 44, , 
2018/5/3, 39, , 
2018/5/4, 49, , 
2018/5/5, 35, , 
2018/5/6, 40, , 
2018/5/7, 39, , 
2018/5/8, 33, , 
2018/5/9, 56, , 
2018/5/15, 38, , 
2018/5/16, 43, , 
2018/5/17, 42, , 
2018/5/18, 39, , 
2018/5/19, 33, , 
2018/5/20, 39, , 
2018/5/21, 23, , 
2018/5/22, 31, , 
2018/5/23, 36, , 
2018/5/24, 43, , 
2018/5/25, 35, , 
2018/5/26, 34, , 
2018/5/27, 30, , 
2018/5/28, 25, , 
2018/5/29, 22, , 
2018/5/30, 34, , 
2018/5/31, 34, , 
2018/6/1, 35, , 
2018/6/2, 33, , 
2018/6/3, 29, , 
2018/6/4, 22, , 
2018/6/5, 25, , 
2018/6/6, 29, , 
2018/6/7, 37, , 
2018/6/8, 37, , 
2018/6/9, 39, , 
2018/6/10, 30, , 
2018/6/11, 31, , 
2018/6/12, 28, , 
2018/6/13, 27, , 
2018/6/14, 33, , 
2018/6/15, 44, , 
2018/6/16, 38, , 
2018/6/17, 37, , 
2018/6/18, 24, , 
2018/6/19, 30, , 
2018/6/20, 28, , 
2018/6/21, 36, , 
2018/6/22, 25, , 
2018/6/23, 27, , 
2018/6/24, 32, , 
2018/6/25, 35, , 
2018/6/26, 25, , 
2018/6/27, 31, , 
2018/6/28, 32, , 
2018/6/29, 29, , 
2018/6/30, 23, , 
2018/1/1, 48, , 
2018/1/2, 60, , 
2018/1/3, 72, , 
2018/1/4, 56, , 
2018/1/5, 56, , 
2018/1/6, 47, , 
2018/1/7, 60, , 
2018/1/8, 60, , 
2018/1/9, 59, , 
2018/1/10, 56, , 
2018/1/11, 66, , 
2018/1/12, 61, , 
2018/1/13, 76, , 
2018/1/14, 64, , 
2018/1/15, 71, , 
2018/1/16, 71, , 
2018/1/17, 66, , 
2018/1/18, 66, , 
2018/1/19, 60, , 
2018/1/20, 59, , 
2018/1/21, 64, , 
2018/1/22, 57, , 
2018/1/23, 68, , 
2018/1/24, 66, , 
2018/1/25, 55, , 
2018/1/26, 58, , 
2018/1/27, 51, , 
2018/1/28, 62, , 
2018/1/29, 74, , 
2018/1/30, 71, , 
2018/1/31, 74, , 
2018/2/1, 57, , 
2018/2/2, 61, , 
2018/2/3, 72, , 
2018/2/4, 61, , 
2018/2/5, 62, , 
2018/2/6, 62, , 
2018/2/7, 64, , 
2018/2/8, 62, , 
2018/2/9, 60, , 
2018/2/10, 67, , 
2018/2/11, 71, , 
2018/2/12, 54, , 
2018/2/13, 55, , 
2018/2/14, 66, , 
2018/2/15, 61, , 
2018/2/16, 62, , 
2018/2/17, 69, , 
2018/2/18, 78, , 
2018/2/19, 50, , 
2018/2/20, 62, , 
2018/2/21, 51, , 
2018/2/22, 52, , 
2018/2/23, 55, , 
2018/2/24, 59, , 
2018/2/25, 55, , 
2018/2/26, 50, , 
2018/2/27, 56, , 
2018/2/28, 62, , 
2018/3/1, 56, , 
2018/3/2, 60, , 
2018/3/3, 51, , 
2018/3/4, 61, , 
2018/3/5, 67, , 
2018/3/6, 80, , 
2018/3/7, 76, , 
2018/3/8, 66, , 
2018/3/9, 59, , 
2018/3/10, 76, , 
2018/3/11, 60, , 
2018/3/12, 62, , 
2018/3/13, 60, , 
2018/3/14, 63, , 
2018/3/15, 53, , 
2018/3/16, 62, , 
2018/3/17, 52, , 
2018/3/20, 55, , 
2018/3/21, 59, , 
2018/3/22, 57, , 
2018/3/23, 55, , 
2018/3/24, 56, , 
2018/3/25, 54, , 
2018/3/26, 51, , 
2018/3/27, 53, , 
2018/3/28, 53, , 
2018/3/29, 57, , 
2018/3/30, 62, , 
2018/3/31, 62, , 
2017/10/1, 63, , 
2017/10/2, 43, , 
2017/10/3, 48, , 
2017/10/4, 48, , 
2017/10/5, 46, , 
2017/10/6, 51, , 
2017/10/7, 51, , 
2017/10/8, 54, , 
2017/10/9, 43, , 
2017/10/10, 53, , 
2017/10/11, 108, , 
2017/10/12, 78, , 
2017/10/13, 56, , 
2017/10/14, 51, , 
2017/10/15, 48, , 
2017/10/16, 63, , 
2017/10/17, 59, , 
2017/10/18, 69, , 
2017/10/19, 56, , 
2017/10/20, 51, , 
2017/10/21, 59, , 
2017/10/22, 52, , 
2017/10/23, 46, , 
2017/10/24, 45, , 
2017/10/25, 46, , 
2017/10/26, 51, , 
2017/10/27, 52, , 
2017/10/28, 51, , 
2017/10/29, 53, , 
2017/10/30, 60, , 
2017/10/31, 58, , 
2017/11/2, 69, , 
2017/11/3, 57, , 
2017/11/4, 52, , 
2017/11/6, 50, , 
2017/11/7, 55, , 
2017/11/8, 53, , 
2017/11/9, 49, , 
2017/11/10, 55, , 
2017/11/11, 52, , 
2017/11/12, 60, , 
2017/11/13, 57, , 
2017/11/14, 47, , 
2017/11/15, 51, , 
2017/11/16, 56, , 
2017/11/17, 55, , 
2017/11/18, 56, , 
2017/11/19, 58, , 
2017/11/20, 54, , 
2017/11/21, 55, , 
2017/11/22, 52, , 
2017/11/23, 50, , 
2017/11/24, 47, , 
2017/11/25, 63, , 
2017/11/26, 44, , 
2017/11/27, 51, , 
2017/11/28, 60, , 
2017/11/29, 53, , 
2017/11/30, 51, , 
2017/12/1, 68, , 
2017/12/2, 56, , 
2017/12/3, 50, , 
2017/12/4, 53, , 
2017/12/5, 36, , 
2017/12/6, 49, , 
2017/12/7, 58, , 
2017/12/8, 60, , 
2017/12/9, 55, , 
2017/12/10, 57, , 
2017/12/11, 61, , 
2017/12/12, 64, , 
2017/12/13, 63, , 
2017/12/14, 66, , 
2017/12/15, 77, , 
2017/12/16, 54, , 
2017/12/17, 46, , 
2017/12/18, 59, , 
2017/12/19, 65, , 
2017/12/20, 66, , 
2017/12/21, 56, , 
2017/12/22, 65, , 
2017/12/23, 54, , 
2017/12/24, 64, , 
2017/12/25, 54, , 
2017/12/26, 62, , 
2017/12/27, 62, , 
2017/12/28, 63, , 
2017/12/29, 65, , 
2017/12/30, 48, , 
2017/12/31, 71, , 
2017/7/17, 39, , 
2017/7/18, 51, , 
2017/7/19, 131, , 
2017/7/20, 119, , 
2017/7/21, 58, , 
2017/7/22, 61, , 
2017/7/23, 61, , 
2017/7/24, 64, , 
2017/7/25, 62, , 
2017/7/26, 57, , 
2017/7/27, 58, , 
2017/7/28, 57, , 
2017/7/29, 57, , 
2017/7/30, 60, , 
2017/7/31, 80, , 
2017/8/1, 69, , 
2017/8/2, 72, , 
2017/8/3, 107, , 
2017/8/4, 63, , 
2017/8/5, 64, , 
2017/8/6, 66, , 
2017/8/7, 89, , 
2017/8/8, 60, , 
2017/8/9, 57, , 
2017/8/10, 57, , 
2017/8/11, 68, , 
2017/8/12, 63, , 
2017/8/13, 56, , 
2017/8/14, 43, , 
2017/8/15, 54, , 
2017/8/16, 65, , 
2017/8/17, 66, , 
2017/8/18, 58, , 
2017/8/19, 65, , 
2017/8/20, 63, , 
2017/8/21, 70, , 
2017/8/22, 57, , 
2017/8/23, 52, , 
2017/8/24, 56, , 
2017/8/25, 58, , 
2017/8/26, 61, , 
2017/8/27, 41, , 
2017/8/28, 44, , 
2017/8/29, 45, , 
2017/8/30, 58, , 
2017/8/31, 61, , 
2017/9/2, 70, , 
2017/9/3, 83, , 
2017/9/4, 74, , 
2017/9/5, 67, , 
2017/9/9, 64, , 
2017/9/10, 58, , 
2017/9/11, 55, , 
2017/9/12, 49, , 
2017/9/13, 45, , 
2017/9/14, 51, , 
2017/9/15, 66, , 
2017/9/16, 68, , 
2017/9/17, 60, , 
2017/9/18, 42, , 
2017/9/19, 44, , 
2017/9/20, 54, , 
2017/9/21, 53, , 
2017/9/22, 43, , 
2017/9/23, 49, , 
2017/9/24, 44, , 
2017/9/25, 48, , 
2017/9/26, 42, , 
2017/9/27, 45, , 
2017/9/28, 47, , 
2017/9/29, 46, , 
2017/9/30, 44, , 
2017/4/1, 64, , 
2017/4/2, 70, , 
2017/4/3, 59, , 
2017/4/4, 54, , 
2017/4/5, 45, , 
2017/4/6, 35, , 
2017/4/7, 30, , 
2017/4/8, 29, , 
2017/4/9, 37, , 
2017/4/10, 36, , 
2017/4/11, 51, , 
2017/4/12, 35, , 
2017/4/13, 24, , 
2017/4/14, 44, , 
2017/4/15, 43, , 
2017/4/16, 30, , 
2017/4/17, 31, , 
2017/4/18, 35, , 
2017/4/19, 46, , 
2017/4/20, 37, , 
2017/4/21, 34, , 
2017/4/22, 36, , 
2017/4/23, 32, , 
2017/4/24, 24, , 
2017/4/25, 26, , 
2017/4/26, 20, , 
2017/4/27, 34, , 
2017/4/28, 29, , 
2017/4/29, 35, , 
2017/4/30, 32, , 
2017/5/1, 24, , 
2017/5/2, 31, , 
2017/5/3, 28, , 
2017/5/4, 34, , 
2017/5/5, 37, , 
2017/5/6, 36, , 
2017/5/7, 36, , 
2017/5/8, 29, , 
2017/5/9, 39, , 
2017/5/10, 39, , 
2017/5/11, 56, , 
2017/5/12, 35, , 
2017/5/13, 35, , 
2017/5/14, 35, , 
2017/5/15, 34, , 
2017/5/16, 44, , 
2017/5/17, 29, , 
2017/1/2, 55, , 
2017/1/3, 50, , 
2017/1/4, 56, , 
2017/1/5, 51, , 
2017/1/6, 83, , 
2017/1/7, 70, , 
2017/1/8, 48, , 
2017/1/9, 50, , 
2017/1/10, 54, , 
2017/1/11, 59, , 
2017/1/12, 63, , 
2017/1/17, 659, , 
2017/1/18, 244, , 
2017/1/19, 177, , 
2017/1/20, 206, , 
2017/1/21, 280, , 
2017/1/22, 181, , 
2017/1/25, 160, , 
2017/1/27, 157, , 
2017/2/1, 47, , 
2017/2/2, 44, , 
2017/2/3, 35, , 
2017/2/4, 47, , 
2017/2/5, 35, , 
2017/2/6, 39, , 
2017/2/7, 40, , 
2017/2/8, 54, , 
2017/2/9, 40, , 
2017/2/10, 36, , 
2017/2/11, 40, , 
2017/2/12, 36, , 
2017/2/13, 42, , 
2017/2/14, 53, , 
2017/2/15, 65, , 
2017/2/16, 47, , 
2017/2/17, 55, , 
2017/2/18, 51, , 
2017/2/19, 47, , 
2017/2/20, 50, , 
2017/2/21, 46, , 
2017/2/22, 39, , 
2017/2/23, 57, , 
2017/2/24, 59, , 
2017/2/25, 60, , 
2017/2/26, 67, , 
2017/2/27, 53, , 
2017/2/28, 60, , 
2017/3/1, 56, , 
2017/3/2, 66, , 
2017/3/3, 69, , 
2017/3/4, 55, , 
2017/3/5, 51, , 
2017/3/6, 43, , 
2017/3/7, 57, , 
2017/3/8, 58, , 
2017/3/9, 59, , 
2017/3/10, 52, , 
2017/3/11, 58, , 
2017/3/12, 53, , 
2017/3/13, 61, , 
2017/3/14, 56, , 
2017/3/15, 54, , 
2017/3/16, 45, , 
2017/3/17, 57, , 
2017/3/18, 58, , 
2017/3/19, 55, , 
2017/3/20, 45, , 
2017/3/21, 36, , 
2017/3/22, 32, , 
2017/3/23, 42, , 
2017/3/24, 47, , 
2017/3/25, 45, , 
2017/3/26, 41, , 
2017/3/27, 32, , 
2017/3/28, 39, , 
2017/3/29, 43, , 
2017/3/30, 49, , 
2017/3/31, 74, , 
2016/10/1, 22, , 
2016/10/2, 26, , 
2016/10/3, 21, , 
2016/10/4, 21, , 
2016/10/5, 21, , 
2016/10/6, 21, , 
2016/10/7, 31, , 
2016/10/8, 33, , 
2016/10/9, 32, , 
2016/10/10, 35, , 
2016/10/11, 32, , 
2016/10/12, 69, , 
2016/10/13, 68, , 21
2016/10/14, 41, , 34
2016/10/15, 38, , 36
2016/10/16, 39, , 31
2016/10/17, 34, , 28
2016/10/18, 39, , 32
2016/10/19, 38, , 34
2016/10/20, 33, , 
2016/10/21, 45, , 
2016/10/22, 37, , 
2016/10/23, 40, , 
2016/10/24, 40, , 
2016/10/25, 22, , 
2016/10/26, 31, , 
2016/10/27, 33, , 
2016/10/28, 32, , 
2016/10/29, 27, , 
2016/10/30, 25, , 
2016/10/31, 27, , 
2016/11/1, 23, , 
2016/11/2, 41, , 
2016/11/3, 41, , 
2016/11/9, 21, , 
2016/11/10, 38, , 
2016/11/11, 35, , 
2016/11/12, 31, , 
2016/11/13, 40, , 
2016/11/14, 29, , 
2016/11/15, 45, , 
2016/11/16, 40, , 
2016/11/17, 43, , 
2016/11/18, 47, , 
2016/11/19, 48, , 
2016/11/20, 43, , 
2016/11/21, 35, , 
2016/11/22, 46, , 
2016/11/23, 43, , 
2016/11/24, 57, , 
2016/11/25, 60, , 
2016/11/26, 50, , 
2016/11/27, 31, , 
2016/11/28, 36, , 
2016/11/29, 40, , 
2016/11/30, 52, , 
2016/12/1, 32, , 
2016/12/2, 35, , 
2016/12/3, 44, , 
2016/12/4, 59, , 
2016/12/5, 44, , 
2016/12/6, 44, , 
2016/12/7, 44, , 
2016/12/8, 31, , 
2016/12/9, 42, , 
2016/12/10, 38, , 
2016/12/11, 45, , 
2016/12/12, 46, , 
2016/12/13, 53, , 
2016/12/14, 42, , 
2016/12/15, 41, , 
2016/12/16, 45, , 
2016/12/17, 51, , 
2016/12/18, 49, , 
2016/12/19, 64, , 
2016/12/20, 68, , 
2016/12/21, 55, , 
2016/12/22, 54, , 
2016/12/23, 54, , 
2016/12/24, 52, , 
2016/12/25, 59, , 
2016/12/26, 69, , 
2016/12/27, 72, , 
2016/12/28, 61, , 
2016/12/29, 68, , 
2016/12/30, 75, , 
2016/12/31, 62, , 
2017/1/1, 55, , 
2016/7/1, 76, , 
2016/7/2, 73, , 
2016/7/3, 79, , 
2016/7/4, 60, , 
2016/7/5, 34, , 
2016/7/6, 24, , 
2016/7/7, 21, , 
2016/7/8, 28, , 
2016/7/9, 23, , 
2016/7/10, 17, , 
2016/7/11, 21, , 
2016/7/12, 23, , 
2016/7/13, 23, , 
2016/7/14, 25, , 
2016/7/15, 18, , 
2016/7/16, 23, , 
2016/7/17, 16, , 
2016/7/18, 26, , 
2016/7/19, 22, , 
2016/7/20, 17, , 
2016/7/21, 20, , 
2016/7/22, 25, , 
2016/7/23, 13, , 
2016/7/24, 26, , 
2016/7/25, 48, , 
2016/7/26, 66, , 
2016/7/27, 36, , 
2016/7/28, 33, , 
2016/7/29, 36, , 
2016/7/30, 52, , 
2016/7/31, 75, , 
2016/8/1, 39, , 
2016/8/2, 28, , 
2016/8/3, 20, , 
2016/8/4, 27, , 
2016/8/5, 42, , 
2016/8/6, 24, , 
2016/8/7, 36, , 
2016/8/8, 31, , 
2016/8/9, 24, , 
2016/8/10, 51, , 
2016/8/11, 58, , 
2016/8/12, 40, , 
2016/8/13, 40, , 
2016/8/14, 34, , 
2016/8/15, 42, , 
2016/8/16, 42, , 
2016/8/17, 46, , 
2016/8/18, 31, , 
2016/8/19, 46, , 
2016/8/20, 44, , 
2016/8/21, 33, , 
2016/8/22, 36, , 
2016/8/23, 26, , 
2016/8/24, 18, , 
2016/8/25, 32, 19, 
2016/8/26, 36, 19, 
2016/8/27, 68, 19, 
2016/8/28, 55, 14, 
2016/8/31, 39, , 
2016/9/1, 28, , 
2016/9/2, 26, , 
2016/9/3, 27, , 
2016/9/4, 39, , 
2016/9/5, 37, , 
2016/9/6, 23, , 
2016/9/7, 36, , 
2016/9/8, 46, , 
2016/9/9, 41, , 
2016/9/10, 35, , 
2016/9/11, 26, , 
2016/9/12, 35, , 
2016/9/13, 31, , 
2016/9/14, 32, , 
2016/9/16, 36, , 
2016/9/17, 38, , 
2016/9/18, 40, , 
2016/9/19, 28, , 
2016/9/20, 45, , 
2016/9/21, 32, , 
2016/9/22, 39, , 
2016/9/23, 41, , 
2016/9/24, 26, , 
2016/9/25, 26, , 
2016/9/26, 20, , 
2016/9/27, 26, , 
2016/9/28, 32, , 
2016/9/29, 42, , 
2016/9/30, 30, , 
2016/4/1, 41, , 
2016/4/2, 41, , 
2016/4/3, 49, , 
2016/4/4, 47, , 
2016/4/5, 42, , 
2016/4/6, 36, , 
2016/4/7, 25, , 
2016/4/8, 46, , 
2016/4/9, 41, , 
2016/4/10, 45, , 
2016/4/11, 39, , 
2016/4/12, 36, , 
2016/4/13, 41, , 
2016/4/14, 43, , 
2016/4/15, 40, , 
2016/4/16, 32, , 
2016/4/17, 42, , 
2016/4/18, 39, , 
2016/4/19, 41, , 
2016/4/20, 40, , 
2016/4/21, 34, , 
2016/4/22, 37, , 
2016/4/23, 44, , 
2016/4/24, 29, , 
2016/4/25, 38, , 
2016/4/26, 41, , 
2016/4/27, 43, , 
2016/4/28, 38, , 
2016/4/29, 38, , 
2016/4/30, 38, , 
2016/5/1, 33, , 
2016/5/2, 37, , 
2016/5/3, 43, , 
2016/5/4, 49, , 
2016/5/5, 44, , 
2016/5/6, 32, , 
2016/5/7, 45, , 
2016/5/8, 45, , 
2016/5/9, 41, , 
2016/5/10, 34, , 
2016/5/11, 31, , 
2016/5/12, 36, , 
2016/5/13, 33, , 
2016/5/14, 23, , 
2016/5/15, 23, , 
2016/5/16, 23, , 
2016/5/17, 22, , 
2016/5/18, 19, , 
2016/5/19, 33, , 
2016/6/17, 34, , 
2016/6/18, 39, , 
2016/6/19, 18, , 
2016/6/20, 24, , 
2016/6/21, 21, , 
2016/6/22, 28, , 
2016/6/23, 28, , 
2016/6/24, 23, , 
2016/6/25, 24, , 
2016/6/26, 24, , 
2016/6/27, 21, , 
2016/6/28, 20, , 
2016/6/29, 49, , 
2016/6/30, 81, , 
2016/1/4, 72, , 
2016/1/5, 52, , 
2016/1/6, 55, , 
2016/1/7, 59, , 
2016/1/8, 63, , 
2016/1/9, 70, , 
2016/1/10, 61, , 
2016/1/11, 69, , 
2016/1/12, 69, , 
2016/1/13, 51, , 
2016/1/14, 63, , 
2016/1/15, 64, , 
2016/1/16, 53, , 
2016/1/17, 53, , 
2016/1/18, 55, , 
2016/1/19, 48, , 
2016/1/20, 54, , 
2016/1/21, 76, , 
2016/1/22, 55, , 
2016/1/23, 55, , 
2016/1/24, 58, , 
2016/1/25, 50, , 
2016/1/26, 59, , 
2016/1/27, 63, , 
2016/1/28, 67, , 
2016/1/29, 46, , 
2016/1/30, 45, , 
2016/1/31, 53, , 
2016/2/1, 45, , 
2016/2/2, 59, , 
2016/2/3, 63, , 
2016/2/4, 54, , 
2016/2/5, 62, , 
2016/2/6, 65, , 
2016/2/7, 64, , 
2016/2/8, 53, , 
2016/2/9, 54, , 
2016/2/10, 53, , 
2016/2/11, 67, , 
2016/2/12, 58, , 
2016/2/13, 58, , 
2016/2/14, 54, , 
2016/2/15, 40, , 
2016/2/16, 53, , 
2016/2/17, 45, , 
2016/2/18, 50, , 
2016/2/19, 56, , 
2016/2/20, 51, , 
2016/2/21, 53, , 
2016/2/22, 53, , 
2016/2/23, 57, , 
2016/2/24, 52, , 
2016/2/25, 36, , 
2016/2/26, 51, , 
2016/2/27, 43, , 
2016/2/28, 38, , 
2016/2/29, 40, , 
2016/3/1, 40, , 
2016/3/2, 47, , 
2016/3/3, 40, , 
2016/3/4, 34, , 
2016/3/5, 36, , 
2016/3/6, 32, , 
2016/3/7, 38, , 
2016/3/8, 47, , 
2016/3/9, 134, , 
2016/3/10, 627, , 
2016/3/12, 367, , 
2016/3/13, 425, , 
2016/3/14, 650, , 
2016/3/15, 627, , 
2016/3/16, 50, , 
2016/3/17, 43, , 
2016/3/18, 53, , 
2016/3/19, 52, , 
2016/3/20, 51, , 
2016/3/21, 31, , 
2016/3/22, 38, , 
2016/3/23, 39, , 
2016/3/24, 46, , 
2016/3/25, 49, , 
2016/3/26, 43, , 
2016/3/27, 52, , 
2016/3/28, 43, , 
2016/3/29, 46, , 
2016/3/30, 46, , 
2016/3/31, 47, , 
2015/10/1, 46, , 
2015/10/2, 55, , 
2015/10/3, 60, , 
2015/10/4, 61, , 
2015/10/5, 56, , 
2015/10/6, 47, , 
2015/10/7, 51, , 
2015/10/8, 54, , 
2015/10/9, 55, , 
2015/10/10, 54, , 
2015/10/11, 51, , 
2015/10/12, 49, , 
2015/10/13, 47, , 
2015/10/14, 50, , 
2015/10/15, 52, , 
2015/10/16, 49, , 
2015/10/22, 41, , 
2015/10/23, 53, , 
2015/10/24, 55, , 
2015/10/25, 51, , 
2015/10/26, 52, , 
2015/10/27, 61, , 
2015/10/28, 56, , 
2015/10/29, 43, , 
2015/10/30, 50, , 
2015/10/31, 53, , 
2015/11/1, 48, , 
2015/11/2, 52, , 
2015/11/3, 64, , 
2015/11/4, 59, , 
2015/11/5, 65, , 
2015/11/6, 61, , 
2015/11/7, 65, , 
2015/11/8, 66, , 
2015/11/9, 58, , 
2015/11/10, 61, , 
2015/11/11, 61, , 
2015/11/12, 59, , 
2015/11/13, 66, , 
2015/11/14, 78, , 
2015/11/15, 58, , 
2015/11/16, 53, , 
2015/11/17, 64, , 
2015/11/18, 69, , 
2015/11/19, 64, , 
2015/11/20, 62, , 
2015/11/21, 59, , 
2015/11/22, 59, , 
2015/11/23, 71, , 
2015/11/24, 56, , 
2015/11/25, 67, , 
2015/11/26, 79, , 
2015/11/27, 69, , 
2015/11/28, 75, , 
2015/11/29, 78, , 
2015/11/30, 82, , 
2015/12/1, 75, , 
2015/12/2, 70, , 
2015/12/3, 55, , 
2015/12/4, 59, , 
2015/12/5, 68, , 
2015/12/6, 58, , 
2015/12/7, 63, , 
2015/12/8, 62, , 
2015/12/9, 53, , 
2015/12/10, 51, , 
2015/12/11, 61, , 
2015/12/12, 66, , 
2015/12/13, 56, , 
2015/12/14, 66, , 
2015/12/15, 75, , 
2015/12/16, 78, , 
2015/12/17, 78, , 
2015/12/18, 57, , 
2015/12/19, 53, , 
2015/12/20, 63, , 
2015/12/21, 46, , 
2015/12/22, 209, , 
2015/12/26, 627, , 
2015/12/27, 560, , 
2015/12/28, 830, , 
2015/12/29, 627, , 
2015/12/30, 73, , 
2015/12/31, 70, , 
2016/1/2, 72, , 
2016/1/3, 71, , 
2015/7/1, 44, , 
2015/7/2, 63, , 
2015/7/3, 56, , 
2015/7/4, 58, , 
2015/7/5, 53, , 
2015/7/6, 50, , 
2015/7/7, 49, , 
2015/7/8, 49, , 
2015/7/9, 45, , 
2015/7/10, 54, , 
2015/7/11, 46, , 
2015/7/12, 50, , 
2015/7/13, 45, , 
2015/7/14, 46, , 
2015/7/15, 45, , 
2015/7/16, 57, , 
2015/7/17, 51, , 
2015/7/18, 43, , 
2015/7/19, 45, , 
2015/7/20, 54, , 
2015/7/21, 60, , 
2015/7/22, 53, , 
2015/7/23, 56, , 
2015/7/24, 42, , 
2015/7/25, 48, , 
2015/7/26, 49, , 
2015/7/27, 74, , 
2015/7/28, 51, , 
2015/7/29, 43, , 
2015/7/30, 53, , 
2015/7/31, 52, , 
2015/8/1, 51, , 
2015/8/2, 62, , 
2015/8/3, 58, , 
2015/8/4, 48, , 
2015/8/5, 48, , 
2015/8/6, 52, , 
2015/8/7, 47, , 
2015/8/8, 60, , 
2015/8/9, 61, , 
2015/8/10, 59, , 
2015/8/11, 51, , 
2015/8/12, 40, , 
2015/8/13, 56, , 
2015/8/14, 44, , 
2015/8/15, 40, , 
2015/8/16, 42, , 
2015/8/17, 45, , 
2015/8/18, 55, , 
2015/8/19, 52, , 
2015/8/20, 55, , 
2015/8/21, 83, , 
2015/8/22, 83, , 
2015/8/23, 60, , 
2015/8/24, 45, , 
2015/8/25, 42, , 
2015/8/26, 46, , 
2015/8/27, 54, , 
2015/8/28, 50, , 
2015/8/29, 46, , 
2015/8/30, 41, , 
2015/8/31, 48, , 
2015/9/1, 57, , 
2015/9/2, 58, , 
2015/9/3, 60, , 
2015/9/4, 69, , 
2015/9/5, 44, , 
2015/9/6, 47, , 
2015/9/7, 66, , 
2015/9/8, 64, , 
2015/9/9, 52, , 
2015/9/10, 50, , 
2015/9/11, 56, , 
2015/9/12, 69, , 
2015/9/13, 114, , 
2015/9/14, 129, , 
2015/9/15, 53, , 
2015/9/16, 50, , 
2015/9/17, 56, , 
2015/9/18, 52, , 
2015/9/19, 49, , 
2015/9/20, 47, , 
2015/9/21, 49, , 
2015/9/22, 42, , 
2015/9/23, 41, , 
2015/9/24, 41, , 
2015/9/25, 50, , 
2015/9/26, 54, , 
2015/9/27, 48, , 
2015/9/28, 47, , 
2015/9/29, 55, , 
2015/9/30, 56, , 
2015/4/1, 40, , 
2015/4/2, 46, , 
2015/4/3, 55, , 
2015/4/4, 56, , 
2015/4/5, 50, , 
2015/4/6, 46, , 
2015/4/7, 48, , 
2015/4/8, 43, , 
2015/4/9, 48, , 
2015/4/10, 55, , 
2015/4/11, 46, , 
2015/4/12, 50, , 
2015/4/13, 55, , 
2015/4/14, 47, , 
2015/4/15, 44, , 
2015/4/16, 45, , 
2015/4/17, 44, , 
2015/4/18, 45, , 
2015/4/19, 47, , 
2015/4/20, 62, , 
2015/4/21, 61, , 
2015/4/22, 51, , 
2015/4/23, 49, , 
2015/4/24, 29, , 
2015/4/25, 40, , 
2015/4/26, 50, , 
2015/4/27, 44, , 
2015/4/28, 41, , 
2015/4/29, 47, , 
2015/4/30, 47, , 
2015/5/1, 45, , 
2015/5/2, 52, , 
2015/5/3, 42, , 
2015/5/4, 53, , 
2015/5/5, 45, , 
2015/5/6, 42, , 
2015/5/7, 47, , 
2015/5/8, 46, , 
2015/5/9, 51, , 
2015/5/10, 55, , 
2015/5/11, 54, , 
2015/5/12, 56, , 
2015/5/13, 55, , 
2015/5/14, 57, , 
2015/5/15, 51, , 
2015/5/16, 61, , 
2015/5/17, 62, , 
2015/5/18, 60, , 
2015/5/19, 59, , 
2015/5/20, 55, , 
2015/5/21, 58, , 
2015/5/22, 59, , 
2015/5/23, 53, , 
2015/5/24, 52, , 
2015/5/25, 52, , 
2015/5/26, 50, , 
2015/5/27, 52, , 
2015/5/28, 51, , 
2015/5/29, 47, , 
2015/5/30, 46, , 
2015/5/31, 48, , 
2015/6/1, 45, , 
2015/6/2, 47, , 
2015/6/3, 47, , 
2015/6/4, 49, , 
2015/6/5, 50, , 
2015/6/6, 50, , 
2015/6/7, 47, , 
2015/6/8, 47, , 
2015/6/9, 55, , 
2015/6/10, 50, , 
2015/6/11, 55, , 
2015/6/12, 47, , 
2015/6/13, 49, , 
2015/6/14, 51, , 
2015/6/15, 44, , 
2015/6/16, 41, , 
2015/6/17, 52, , 
2015/6/18, 60, , 
2015/6/19, 52, , 
2015/6/20, 41, , 
2015/6/21, 45, , 
2015/6/22, 48, , 
2015/6/23, 48, , 
2015/6/24, 49, , 
2015/6/25, 76, , 
2015/6/26, 55, , 
2015/6/27, 61, , 
2015/6/28, 58, , 
2015/6/29, 48, , 
2015/6/30, 48, , 
2015/1/1, 57, , 
2015/1/2, 74, , 
2015/1/3, 64, , 
2015/1/4, 67, , 
2015/1/5, 67, , 
2015/1/6, 57, , 
2015/1/7, 64, , 
2015/1/8, 58, , 
2015/1/9, 74, , 
2015/1/10, 62, , 
2015/1/11, 58, , 
2015/1/12, 53, , 
2015/1/13, 55, , 
2015/1/14, 54, , 
2015/1/15, 61, , 
2015/1/16, 48, , 
2015/1/17, 46, , 
2015/1/18, 46, , 
2015/1/19, 48, , 
2015/1/20, 53, , 
2015/1/21, 49, , 
2015/1/22, 67, , 
2015/1/23, 67, , 
2015/1/24, 59, , 
2015/1/25, 52, , 
2015/1/26, 56, , 
2015/1/27, 50, , 
2015/1/28, 38, , 
2015/1/29, 56, , 
2015/1/30, 55, , 
2015/1/31, 49, , 
2015/2/1, 54, , 
2015/2/2, 62, , 
2015/2/3, 48, , 
2015/2/4, 59, , 
2015/2/5, 59, , 
2015/2/6, 48, , 
2015/2/7, 56, , 
2015/2/8, 45, , 
2015/2/9, 49, , 
2015/2/10, 53, , 
2015/2/11, 57, , 
2015/2/12, 50, , 
2015/2/13, 60, , 
2015/2/14, 52, , 
2015/2/15, 60, , 
2015/2/16, 59, , 
2015/2/17, 57, , 
2015/2/18, 49, , 
2015/2/19, 54, , 
2015/2/20, 48, , 
2015/2/21, 55, , 
2015/2/22, 49, , 
2015/2/23, 49, , 
2015/2/24, 56, , 
2015/2/25, 56, , 
2015/2/26, 53, , 
2015/2/27, 59, , 
2015/2/28, 34, , 
2015/3/1, 33, , 
2015/3/2, 53, , 
2015/3/3, 50, , 
2015/3/4, 43, , 
2015/3/5, 59, , 
2015/3/6, 51, , 
2015/3/7, 53, , 
2015/3/8, 55, , 
2015/3/9, 50, , 
2015/3/10, 57, , 
2015/3/11, 47, , 
2015/3/12, 85, , 
2015/3/17, 54, , 
2015/3/18, 60, , 
2015/3/19, 48, , 
2015/3/20, 47, , 
2015/3/21, 46, , 
2015/3/22, 47, , 
2015/3/23, 41, , 
2015/3/24, 39, , 
2015/3/25, 43, , 
2015/3/26, 36, , 
2015/3/27, 42, , 
2015/3/28, 43, , 
2015/3/29, 44, , 
2015/3/30, 46, , 
2015/3/31, 56, , 
2014/10/1, 33, , 
2014/10/2, 48, , 
2014/10/3, 42, , 
2014/10/4, 36, , 
2014/10/5, 30, , 
2014/10/6, 42, , 
2014/10/7, 41, , 
2014/10/8, 34, , 
2014/10/9, 39, , 
2014/10/10, 35, , 
2014/10/11, 38, , 
2014/10/12, 34, , 
2014/10/13, 42, , 
2014/10/14, 45, , 
2014/10/15, 47, , 
2014/10/16, 53, , 
2014/10/17, 49, , 
2014/10/18, 52, , 
2014/10/19, 51, , 
2014/10/20, 48, , 
2014/10/21, 38, , 
2014/10/22, 44, , 
2014/10/23, 41, , 
2014/10/24, 44, , 
2014/10/25, 39, , 
2014/10/26, 40, , 
2014/10/27, 46, , 
2014/10/28, 49, , 
2014/10/29, 39, , 
2014/10/30, 46, , 
2014/10/31, 54, , 
2014/11/1, 48, , 
2014/11/2, 52, , 
2014/11/3, 52, , 
2014/11/4, 57, , 
2014/11/5, 47, , 
2014/11/6, 54, , 
2014/11/7, 39, , 
2014/11/8, 45, , 
2014/11/9, 42, , 
2014/11/10, 38, , 
2014/11/11, 51, , 
2014/11/12, 47, , 
2014/11/13, 45, , 
2014/11/14, 42, , 
2014/11/15, 51, , 
2014/11/16, 43, , 
2014/11/17, 56, , 
2014/11/18, 60, , 
2014/11/19, 53, , 
2014/11/20, 44, , 
2014/11/21, 45, , 
2014/11/22, 43, , 
2014/11/23, 58, , 
2014/11/24, 60, , 
2014/11/25, 59, , 
2014/11/26, 55, , 
2014/11/27, 51, , 
2014/11/28, 44, , 
2014/11/29, 54, , 
2014/11/30, 55, , 
2014/12/1, 50, , 
2014/12/2, 61, , 
2014/12/3, 55, , 
2014/12/4, 46, , 
2014/12/5, 56, , 
2014/12/6, 44, , 
2014/12/7, 51, , 
2014/12/8, 52, , 
2014/12/9, 63, , 
2014/12/10, 56, , 
2014/12/11, 42, , 
2014/12/12, 43, , 
2014/12/13, 49, , 
2014/12/14, 54, , 
2014/12/15, 49, , 
2014/12/16, 47, , 
2014/12/17, 36, , 
2014/12/18, 44, , 
2014/12/19, 51, , 
2014/12/20, 51, , 
2014/12/21, 44, , 
2014/12/22, 50, , 
2014/12/23, 55, , 
2014/12/24, 51, , 
2014/12/25, 41, , 
2014/12/26, 54, , 
2014/12/27, 61, , 
2014/12/28, 62, , 
2014/7/1, 39, , 
2014/7/2, 38, , 
2014/7/3, 44, , 
2014/7/4, 37, , 
2014/7/5, 38, , 
2014/7/6, 40, , 
2014/7/7, 37, , 
2014/7/8, 38, , 
2014/7/9, 34, , 
2014/7/10, 42, , 
2014/7/11, 38, , 
2014/7/12, 36, , 
2014/7/13, 33, , 
2014/7/14, 35, , 
2014/7/15, 50, , 
2014/7/16, 47, , 
2014/7/17, 65, , 
2014/7/18, 57, , 
2014/7/19, 44, , 
2014/7/20, 45, , 
2014/7/21, 40, , 
2014/7/22, 41, , 
2014/7/23, 31, , 
2014/7/24, 30, , 
2014/7/25, 32, , 
2014/7/26, 33, , 
2014/7/27, 53, , 
2014/7/28, 37, , 
2014/7/29, 35, , 
2014/7/30, 50, , 
2014/7/31, 50, , 
2014/8/1, 49, , 
2014/8/2, 37, , 
2014/8/3, 45, , 
2014/8/4, 46, , 
2014/8/5, 82, , 
2014/8/6, 69, , 
2014/8/7, 65, , 
2014/8/8, 60, , 
2014/8/9, 66, , 
2014/8/10, 50, , 
2014/8/11, 42, , 
2014/8/12, 29, , 
2014/8/13, 36, , 
2014/8/14, 38, , 
2014/8/15, 32, , 
2014/8/16, 36, , 
2014/8/17, 31, , 
2014/8/18, 32, , 
2014/8/19, 45, , 
2014/8/20, 44, , 
2014/8/21, 47, , 
2014/8/22, 40, , 
2014/8/23, 32, , 
2014/8/24, 43, , 
2014/8/25, 42, , 
2014/8/26, 34, , 
2014/8/27, 35, , 
2014/8/28, 45, , 
2014/8/29, 40, , 
2014/8/30, 33, , 
2014/8/31, 30, , 
2014/9/1, 32, , 
2014/9/2, 35, , 
2014/9/3, 40, , 
2014/9/4, 36, , 
2014/9/5, 38, , 
2014/9/6, 37, , 
2014/9/7, 40, , 
2014/9/8, 38, , 
2014/9/9, 53, , 
2014/9/10, 64, , 
2014/9/11, 55, , 
2014/9/12, 41, , 
2014/9/13, 42, , 
2014/9/14, 55, , 
2014/9/15, 91, , 
2014/9/16, 111, , 
2014/9/17, 109, , 
2014/9/18, 226, , 
2014/9/19, 124, , 
2014/9/20, 93, , 
2014/9/21, 346, , 
2014/9/22, 165, , 
2014/9/23, 158, , 
2014/9/24, 107, , 
2014/9/25, 47, , 
2014/9/26, 48, , 
2014/9/27, 42, , 
2014/9/28, 53, , 
2014/9/29, 46, , 
2014/9/30, 45, , 
2014/4/1, 49, , 
2014/4/2, 54, , 
2014/4/3, 58, , 
2014/4/4, 56, , 
2014/4/5, 56, , 
2014/4/6, 59, , 
2014/4/7, 67, , 
2014/4/8, 64, , 
2014/4/9, 61, , 
2014/4/10, 43, , 
2014/4/11, 45, , 
2014/4/12, 56, , 
2014/4/13, 44, , 
2014/4/14, 47, , 
2014/4/15, 59, , 
2014/4/16, 58, , 
2014/4/17, 48, , 
2014/4/18, 47, , 
2014/4/24, 55, , 
2014/4/25, 45, , 
2014/4/27, 50, , 
2014/4/28, 59, , 
2014/4/29, 57, , 
2014/4/30, 58, , 
2014/5/1, 54, , 
2014/5/2, 56, , 
2014/5/3, 58, , 
2014/5/4, 48, , 
2014/5/5, 50, , 
2014/5/6, 53, , 
2014/5/7, 40, , 
2014/5/8, 32, , 
2014/5/9, 35, , 
2014/5/10, 41, , 
2014/5/11, 32, , 
2014/5/12, 45, , 
2014/5/13, 31, , 
2014/5/14, 35, , 
2014/5/15, 39, , 
2014/5/16, 37, , 
2014/5/17, 47, , 
2014/5/18, 38, , 
2014/5/19, 42, , 
2014/5/20, 50, , 
2014/5/21, 43, , 
2014/5/22, 41, , 
2014/5/23, 45, , 
2014/5/24, 45, , 
2014/5/25, 44, , 
2014/5/26, 35, , 
2014/5/27, 33, , 
2014/5/28, 45, , 
2014/5/29, 41, , 
2014/5/30, 37, , 
2014/5/31, 54, , 
2014/6/1, 49, , 
2014/6/2, 53, , 
2014/6/3, 51, , 
2014/6/4, 42, , 
2014/6/5, 48, , 
2014/6/6, 45, , 
2014/6/7, 51, , 
2014/6/8, 40, , 
2014/6/9, 40, , 
2014/6/10, 50, , 
2014/6/11, 48, , 
2014/6/12, 37, , 
2014/6/13, 34, , 
2014/6/14, 34, , 
2014/6/15, 31, , 
2014/6/16, 34, , 
2014/6/17, 41, , 
2014/6/18, 32, , 
2014/6/19, 40, , 
2014/6/20, 45, , 
2014/6/21, 32, , 
2014/6/22, 36, , 
2014/6/23, 38, , 
2014/6/24, 35, , 
2014/6/25, 28, , 
2014/6/26, 26, , 
2014/6/27, 27, , 
2014/6/28, 29, , 
2014/6/29, 27, , 
2014/6/30, 39, , 
2014/1/1, 81, , 
2014/1/2, 73, , 
2014/1/3, 63, , 
2014/1/4, 56, , 
2014/1/5, 55, , 
2014/1/6, 77, , 
2014/1/7, 51, , 
2014/1/8, 59, , 
2014/1/9, 41, , 
2014/1/10, 46, , 
2014/1/11, 38, , 
2014/1/12, 41, , 
2014/1/13, 51, , 
2014/1/14, 61, , 
2014/1/15, 52, , 
2014/1/16, 51, , 
2014/1/17, 50, , 
2014/1/18, 53, , 
2014/1/19, 55, , 
2014/1/20, 48, , 
2014/1/21, 51, , 
2014/1/22, 55, , 
2014/1/23, 50, , 
2014/1/24, 42, , 
2014/1/25, 58, , 
2014/1/26, 51, , 
2014/1/27, 47, , 
2014/1/28, 42, , 
2014/1/29, 39, , 
2014/1/30, 36, , 
2014/1/31, 41, , 
2014/2/1, 45, , 
2014/2/2, 42, , 
2014/2/3, 50, , 
2014/2/4, 56, , 
2014/2/5, 55, , 
2014/2/6, 54, , 
2014/2/7, 25, , 
2014/2/8, 31, , 
2014/2/9, 41, , 
2014/2/10, 39, , 
2014/2/11, 49, , 
2014/2/12, 30, , 
2014/2/13, 39, , 
2014/2/14, 47, , 
2014/2/15, 39, , 
2014/2/16, 34, , 
2014/2/17, 38, , 
2014/2/18, 45, , 
2014/2/19, 36, , 
2014/2/20, 55, , 
2014/2/21, 34, , 
2014/2/22, 53, , 
2014/2/23, 47, , 
2014/2/24, 41, , 
2014/2/25, 42, , 
2014/2/26, 56, , 
2014/2/27, 56, , 
2014/2/28, 55, , 
2014/3/1, 49, , 
2014/3/2, 39, , 
2014/3/3, 25, , 
2014/3/4, 39, , 
2014/3/5, 49, , 
2014/3/6, 48, , 
2014/3/7, 46, , 
2014/3/8, 52, , 
2014/3/9, 44, , 
2014/3/10, 57, , 
2014/3/11, 46, , 
2014/3/12, 51, , 
2014/3/13, 41, , 
2014/3/14, 46, , 
2014/3/15, 55, , 
2014/3/16, 59, , 
2014/3/17, 49, , 
2014/3/18, 53, , 
2014/3/19, 50, , 
2014/3/20, 49, , 
2014/3/21, 58, , 
2014/3/22, 55, , 
2014/3/23, 59, , 
2014/3/24, 56, , 
2014/3/25, 53, , 
2014/3/26, 50, , 
2014/3/27, 47, , 
2014/3/28, 50, , 
2014/3/29, 54, , 
2014/3/30, 53, , 
2014/3/31, 50, , 
2016/8/29, , 15, 
2016/8/30, , 17, 
2019/9/10, , , 
2018/12/31, , , 
2018/10/5, , , 
2018/9/1, , , 
2018/5/13, , , 
2018/5/14, , , 